$MeshFormat
4.1 0 8
$EndMeshFormat
$PhysicalNames
4
1 1 "inlet"
1 2 "outlet"
1 3 "walls"
2 10 "domain"
$EndPhysicalNames
$Entities
4 4 1 0
1 0 0 0 0 
2 1 0 0 0 
3 1 0.1 0 0 
4 0 0.1 0 0 
1 0 0 0 1 0 0 1 3 2 1 -2 
2 1 0 0 1 0.1 0 1 2 2 2 -3 
3 0 0.1 0 1 0.1 0 1 3 2 3 -4 
4 0 0 0 0 0.1 0 1 1 2 4 -1 
1 0 0 0 1 0.1 0 1 10 4 1 2 3 4 
$EndEntities
$Nodes
9 1314 1 1314
0 1 0 1
1
0 0 0
0 2 0 1
2
1 0 0
0 3 0 1
3
1 0.1 0
0 4 0 1
4
0 0.1 0
1 1 0 99
5
6
7
8
9
10
11
12
13
14
15
16
17
18
19
20
21
22
23
24
25
26
27
28
29
30
31
32
33
34
35
36
37
38
39
40
41
42
43
44
45
46
47
48
49
50
51
52
53
54
55
56
57
58
59
60
61
62
63
64
65
66
67
68
69
70
71
72
73
74
75
76
77
78
79
80
81
82
83
84
85
86
87
88
89
90
91
92
93
94
95
96
97
98
99
100
101
102
103
0.009999999999981106 0 0
0.01999999999996237 0 0
0.02999999999994307 0 0
0.03999999999992186 0 0
0.04999999999989966 0 0
0.05999999999987838 0 0
0.06999999999986051 0 0
0.07999999999984518 0 0
0.08999999999982991 0 0
0.09999999999981465 0 0
0.1099999999997994 0 0
0.1199999999997832 0 0
0.129999999999761 0 0
0.1399999999997328 0 0
0.1499999999997036 0 0
0.1599999999996745 0 0
0.1699999999996454 0 0
0.1799999999996162 0 0
0.1899999999995871 0 0
0.1999999999995579 0 0
0.2099999999995288 0 0
0.2199999999994996 0 0
0.2299999999994705 0 0
0.2399999999994413 0 0
0.2499999999994122 0 0
0.259999999999383 0 0
0.2699999999993539 0 0
0.2799999999993247 0 0
0.2899999999992956 0 0
0.2999999999992664 0 0
0.3099999999992373 0 0
0.3199999999992081 0 0
0.329999999999179 0 0
0.3399999999991498 0 0
0.3499999999991207 0 0
0.3599999999990915 0 0
0.3699999999990624 0 0
0.3799999999990332 0 0
0.3899999999990041 0 0
0.3999999999989749 0 0
0.4099999999989458 0 0
0.4199999999989167 0 0
0.4299999999988875 0 0
0.4399999999988584 0 0
0.4499999999988292 0 0
0.4599999999988 0 0
0.4699999999987708 0 0
0.4799999999987418 0 0
0.4899999999987126 0 0
0.4999999999986943 0 0
0.5099999999987098 0 0
0.5199999999987361 0 0
0.5299999999987626 0 0
0.5399999999987888 0 0
0.5499999999988152 0 0
0.5599999999988415 0 0
0.5699999999988679 0 0
0.5799999999988942 0 0
0.5899999999989205 0 0
0.5999999999989468 0 0
0.6099999999989731 0 0
0.6199999999989995 0 0
0.6299999999990258 0 0
0.6399999999990521 0 0
0.6499999999990784 0 0
0.6599999999991049 0 0
0.6699999999991312 0 0
0.6799999999991574 0 0
0.6899999999991837 0 0
0.6999999999992101 0 0
0.7099999999992365 0 0
0.7199999999992628 0 0
0.7299999999992892 0 0
0.7399999999993154 0 0
0.7499999999993417 0 0
0.7599999999993681 0 0
0.7699999999993945 0 0
0.7799999999994207 0 0
0.789999999999447 0 0
0.7999999999994734 0 0
0.8099999999994998 0 0
0.8199999999995261 0 0
0.8299999999995523 0 0
0.8399999999995788 0 0
0.8499999999996051 0 0
0.8599999999996314 0 0
0.8699999999996577 0 0
0.8799999999996841 0 0
0.8899999999997104 0 0
0.8999999999997367 0 0
0.9099999999997631 0 0
0.9199999999997894 0 0
0.9299999999998156 0 0
0.939999999999842 0 0
0.9499999999998684 0 0
0.9599999999998947 0 0
0.969999999999921 0 0
0.9799999999999475 0 0
0.9899999999999737 0 0
1 2 0 9
104
105
106
107
108
109
110
111
112
1 0.009999999999982485 0
1 0.01999999999995601 0
1 0.02999999999992729 0
1 0.03999999999989586 0
1 0.0499999999998685 0
1 0.05999999999989426 0
1 0.06999999999991974 0
1 0.07999999999994738 0
1 0.08999999999997287 0
1 3 0 99
113
114
115
116
117
118
119
120
121
122
123
124
125
126
127
128
129
130
131
132
133
134
135
136
137
138
139
140
141
142
143
144
145
146
147
148
149
150
151
152
153
154
155
156
157
158
159
160
161
162
163
164
165
166
167
168
169
170
171
172
173
174
175
176
177
178
179
180
181
182
183
184
185
186
187
188
189
190
191
192
193
194
195
196
197
198
199
200
201
202
203
204
205
206
207
208
209
210
211
0.9899999999999584 0.1 0
0.9799999999999167 0.1 0
0.9699999999998751 0.1 0
0.9599999999998334 0.1 0
0.9499999999997918 0.1 0
0.9399999999997501 0.1 0
0.9299999999997085 0.1 0
0.9199999999996669 0.1 0
0.9099999999996251 0.1 0
0.8999999999995835 0.1 0
0.8899999999995418 0.1 0
0.879999999999508 0.1 0
0.8699999999995218 0.1 0
0.8599999999995834 0.1 0
0.8499999999996528 0.1 0
0.8399999999997222 0.1 0
0.8299999999997916 0.1 0
0.819999999999861 0.1 0
0.8099999999999303 0.1 0
0.7999999999999997 0.1 0
0.7900000000000691 0.1 0
0.7800000000001385 0.1 0
0.7700000000002079 0.1 0
0.7600000000002772 0.1 0
0.7500000000003466 0.1 0
0.7400000000004161 0.1 0
0.7300000000004854 0.1 0
0.7200000000005549 0.1 0
0.7100000000006242 0.1 0
0.7000000000006936 0.1 0
0.690000000000763 0.1 0
0.6800000000008324 0.1 0
0.6700000000009018 0.1 0
0.660000000000971 0.1 0
0.6500000000010404 0.1 0
0.6400000000011098 0.1 0
0.6300000000011791 0.1 0
0.6200000000012484 0.1 0
0.6100000000013178 0.1 0
0.6000000000013872 0.1 0
0.5900000000014565 0.1 0
0.5800000000015259 0.1 0
0.5700000000015952 0.1 0
0.5600000000016645 0.1 0
0.5500000000017339 0.1 0
0.5400000000018033 0.1 0
0.5300000000018725 0.1 0
0.5200000000019419 0.1 0
0.5100000000020113 0.1 0
0.500000000002059 0.1 0
0.490000000002039 0.1 0
0.4800000000019974 0.1 0
0.4700000000019557 0.1 0
0.4600000000019141 0.1 0
0.4500000000018726 0.1 0
0.4400000000018309 0.1 0
0.4300000000017893 0.1 0
0.4200000000017478 0.1 0
0.4100000000017061 0.1 0
0.4000000000016645 0.1 0
0.3900000000016228 0.1 0
0.3800000000015813 0.1 0
0.3700000000015397 0.1 0
0.360000000001498 0.1 0
0.3500000000014565 0.1 0
0.3400000000014148 0.1 0
0.3300000000013732 0.1 0
0.3200000000013316 0.1 0
0.3100000000012899 0.1 0
0.3000000000012484 0.1 0
0.2900000000012067 0.1 0
0.2800000000011651 0.1 0
0.2700000000011236 0.1 0
0.2600000000010819 0.1 0
0.2500000000010403 0.1 0
0.2400000000009987 0.1 0
0.2300000000009571 0.1 0
0.2200000000009155 0.1 0
0.2100000000008738 0.1 0
0.2000000000008322 0.1 0
0.1900000000007906 0.1 0
0.180000000000749 0.1 0
0.1700000000007074 0.1 0
0.1600000000006658 0.1 0
0.1500000000006242 0.1 0
0.1400000000005825 0.1 0
0.130000000000541 0.1 0
0.1200000000004994 0.1 0
0.1100000000004577 0.1 0
0.1000000000004161 0.1 0
0.09000000000037445 0.1 0
0.08000000000033292 0.1 0
0.07000000000029127 0.1 0
0.06000000000024963 0.1 0
0.0500000000002081 0.1 0
0.04000000000016646 0.1 0
0.03000000000012482 0.1 0
0.02000000000008328 0.1 0
0.01000000000004164 0.1 0
1 4 0 9
212
213
214
215
216
217
218
219
220
0 0.09000000000002278 0
0 0.08000000000004989 0
0 0.07000000000008295 0
0 0.06000000000011062 0
0 0.05000000000013691 0
0 0.04000000000011009 0
0 0.03000000000008337 0
0 0.02000000000005491 0
0 0.01000000000002773 0
2 1 0 1094
221
222
223
224
225
226
227
228
229
230
231
232
233
234
235
236
237
238
239
240
241
242
243
244
245
246
247
248
249
250
251
252
253
254
255
256
257
258
259
260
261
262
263
264
265
266
267
268
269
270
271
272
273
274
275
276
277
278
279
280
281
282
283
284
285
286
287
288
289
290
291
292
293
294
295
296
297
298
299
300
301
302
303
304
305
306
307
308
309
310
311
312
313
314
315
316
317
318
319
320
321
322
323
324
325
326
327
328
329
330
331
332
333
334
335
336
337
338
339
340
341
342
343
344
345
346
347
348
349
350
351
352
353
354
355
356
357
358
359
360
361
362
363
364
365
366
367
368
369
370
371
372
373
374
375
376
377
378
379
380
381
382
383
384
385
386
387
388
389
390
391
392
393
394
395
396
397
398
399
400
401
402
403
404
405
406
407
408
409
410
411
412
413
414
415
416
417
418
419
420
421
422
423
424
425
426
427
428
429
430
431
432
433
434
435
436
437
438
439
440
441
442
443
444
445
446
447
448
449
450
451
452
453
454
455
456
457
458
459
460
461
462
463
464
465
466
467
468
469
470
471
472
473
474
475
476
477
478
479
480
481
482
483
484
485
486
487
488
489
490
491
492
493
494
495
496
497
498
499
500
501
502
503
504
505
506
507
508
509
510
511
512
513
514
515
516
517
518
519
520
521
522
523
524
525
526
527
528
529
530
531
532
533
534
535
536
537
538
539
540
541
542
543
544
545
546
547
548
549
550
551
552
553
554
555
556
557
558
559
560
561
562
563
564
565
566
567
568
569
570
571
572
573
574
575
576
577
578
579
580
581
582
583
584
585
586
587
588
589
590
591
592
593
594
595
596
597
598
599
600
601
602
603
604
605
606
607
608
609
610
611
612
613
614
615
616
617
618
619
620
621
622
623
624
625
626
627
628
629
630
631
632
633
634
635
636
637
638
639
640
641
642
643
644
645
646
647
648
649
650
651
652
653
654
655
656
657
658
659
660
661
662
663
664
665
666
667
668
669
670
671
672
673
674
675
676
677
678
679
680
681
682
683
684
685
686
687
688
689
690
691
692
693
694
695
696
697
698
699
700
701
702
703
704
705
706
707
708
709
710
711
712
713
714
715
716
717
718
719
720
721
722
723
724
725
726
727
728
729
730
731
732
733
734
735
736
737
738
739
740
741
742
743
744
745
746
747
748
749
750
751
752
753
754
755
756
757
758
759
760
761
762
763
764
765
766
767
768
769
770
771
772
773
774
775
776
777
778
779
780
781
782
783
784
785
786
787
788
789
790
791
792
793
794
795
796
797
798
799
800
801
802
803
804
805
806
807
808
809
810
811
812
813
814
815
816
817
818
819
820
821
822
823
824
825
826
827
828
829
830
831
832
833
834
835
836
837
838
839
840
841
842
843
844
845
846
847
848
849
850
851
852
853
854
855
856
857
858
859
860
861
862
863
864
865
866
867
868
869
870
871
872
873
874
875
876
877
878
879
880
881
882
883
884
885
886
887
888
889
890
891
892
893
894
895
896
897
898
899
900
901
902
903
904
905
906
907
908
909
910
911
912
913
914
915
916
917
918
919
920
921
922
923
924
925
926
927
928
929
930
931
932
933
934
935
936
937
938
939
940
941
942
943
944
945
946
947
948
949
950
951
952
953
954
955
956
957
958
959
960
961
962
963
964
965
966
967
968
969
970
971
972
973
974
975
976
977
978
979
980
981
982
983
984
985
986
987
988
989
990
991
992
993
994
995
996
997
998
999
1000
1001
1002
1003
1004
1005
1006
1007
1008
1009
1010
1011
1012
1013
1014
1015
1016
1017
1018
1019
1020
1021
1022
1023
1024
1025
1026
1027
1028
1029
1030
1031
1032
1033
1034
1035
1036
1037
1038
1039
1040
1041
1042
1043
1044
1045
1046
1047
1048
1049
1050
1051
1052
1053
1054
1055
1056
1057
1058
1059
1060
1061
1062
1063
1064
1065
1066
1067
1068
1069
1070
1071
1072
1073
1074
1075
1076
1077
1078
1079
1080
1081
1082
1083
1084
1085
1086
1087
1088
1089
1090
1091
1092
1093
1094
1095
1096
1097
1098
1099
1100
1101
1102
1103
1104
1105
1106
1107
1108
1109
1110
1111
1112
1113
1114
1115
1116
1117
1118
1119
1120
1121
1122
1123
1124
1125
1126
1127
1128
1129
1130
1131
1132
1133
1134
1135
1136
1137
1138
1139
1140
1141
1142
1143
1144
1145
1146
1147
1148
1149
1150
1151
1152
1153
1154
1155
1156
1157
1158
1159
1160
1161
1162
1163
1164
1165
1166
1167
1168
1169
1170
1171
1172
1173
1174
1175
1176
1177
1178
1179
1180
1181
1182
1183
1184
1185
1186
1187
1188
1189
1190
1191
1192
1193
1194
1195
1196
1197
1198
1199
1200
1201
1202
1203
1204
1205
1206
1207
1208
1209
1210
1211
1212
1213
1214
1215
1216
1217
1218
1219
1220
1221
1222
1223
1224
1225
1226
1227
1228
1229
1230
1231
1232
1233
1234
1235
1236
1237
1238
1239
1240
1241
1242
1243
1244
1245
1246
1247
1248
1249
1250
1251
1252
1253
1254
1255
1256
1257
1258
1259
1260
1261
1262
1263
1264
1265
1266
1267
1268
1269
1270
1271
1272
1273
1274
1275
1276
1277
1278
1279
1280
1281
1282
1283
1284
1285
1286
1287
1288
1289
1290
1291
1292
1293
1294
1295
1296
1297
1298
1299
1300
1301
1302
1303
1304
1305
1306
1307
1308
1309
1310
1311
1312
1313
1314
0.8549999999995685 0.09133974596214872 0
0.8249999999997444 0.0913397459621802 0
0.7949999999999152 0.0913397459622248 0
0.7650000000000718 0.09133974596225947 0
0.7350000000002359 0.09133974596226513 0
0.7050000000004087 0.09133974596227359 0
0.6750000000005798 0.09133974596229119 0
0.6450000000007494 0.09133974596230998 0
0.615000000000919 0.09133974596232815 0
0.5850000000010884 0.09133974596234885 0
0.5550000000012578 0.09133974596236868 0
0.5250000000016125 0.09133974596232022 0
0.05517640260529887 0.007826250928874168 0
0.1351764026051776 0.007826250928833149 0
0.1649999999998356 0.0077262556982626 0
0.1949999999998239 0.007726255698257987 0
0.08499999999994912 0.007726255698268247 0
0.2254939272948381 0.007352571219841887 0
0.2549999999997257 0.007726255698245593 0
0.2849999999996936 0.00772625569824079 0
0.3149999999996687 0.007726255698242033 0
0.8849999999995358 0.09133974596214545 0
0.3454939272946598 0.00735257121973064 0
0.4950000000020598 0.09133974596216957 0
0.3754939272945979 0.007352571219708996 0
0.4054939272945338 0.007352571219684429 0
0.4354939272944697 0.00735257121965724 0
0.4654939272944045 0.007352571219629846 0
0.9449999999998555 0.008660254037867181 0
0.9147530363521401 0.008190748804930334 0
0.1050000000004382 0.0913397459621195 0
0.5151764026044161 0.007826250928760223 0
0.5454939272944324 0.007352571219580756 0
0.5754939272944934 0.007352571219566055 0
0.6054939272945561 0.007352571219549013 0
0.6354939272946187 0.007352571219534358 0
0.4450000000018315 0.09133974596207287 0
0.6654939272946819 0.007352571219519351 0
0.4150000000017172 0.09133974596208999 0
0.6954939272947428 0.007352571219508151 0
0.3850000000015924 0.0913397459620906 0
0.3550000000014677 0.09133974596209088 0
0.7254939272948042 0.007352571219497309 0
0.325000000001343 0.09133974596209141 0
0.7554939272948654 0.007352571219482395 0
0.2950000000012184 0.09133974596208991 0
0.7854939272949274 0.00735257121947034 0
0.2650000000010931 0.09133974596208616 0
0.235000000000967 0.09133974596208533 0
0.8154939272949921 0.007352571219452053 0
0.2050000000008415 0.09133974596209465 0
0.8454939272949427 0.007352571219670759 0
0.1750000000007167 0.09133974596210916 0
0.145000000000602 0.09133974596212174 0
0.06500000000031619 0.09133974596219457 0
0.874823597394218 0.007826250928770706 0
0.9349999999997266 0.09133974596211919 0
0.9910060495179638 0.05428098409214277 0
0.008477828132248014 0.05468402906297648 0
0.9649999999997929 0.0913397459621459 0
0.03500000000003986 0.09133974596226441 0
0.475000000002001 0.09133974596213136 0
0.008660254037866251 0.03500000000008768 0
0.9049999999995784 0.09133974596214528 0
0.4950642866625693 0.008453590180441999 0
0.9925643751991418 0.03485468793755221 0
0.08500000000035413 0.09133974596212152 0
0.1148235973944072 0.007826250928871327 0
0.1250000000005239 0.09133974596211998 0
0.8949999999997236 0.00833082727025518 0
0.9649999999999088 0.008660254037867181 0
0.03442582315903827 0.009682240193944017 0
0.008962961249569284 0.07586725654726963 0
0.991037038750391 0.07586725654705817 0
0.9849539991208791 0.00771480508868533 0
0.008436963044169537 0.01538675134599349 0
0.9849576263071296 0.09153227954941293 0
0.01504237369286948 0.0915322795494391 0
0.874999999999521 0.09133974596214367 0
0.8799999999995249 0.08267949192430285 0
0.8699999999995323 0.08267949192431759 0
0.8749999999995287 0.07401923788645969 0
0.8649999999995355 0.07401923788646705 0
0.8699999999995344 0.06535898384862232 0
0.8599999999995417 0.06535898384861974 0
0.8799999999995287 0.06535898384863523 0
0.8649999999995391 0.05669872981078154 0
0.8549999999995455 0.05669872981078213 0
0.8599999999995416 0.04803847577293855 0
0.8499999999995449 0.04803847577294079 0
0.8449999999995519 0.05669872981078268 0
0.8399999999995524 0.04803847577294629 0
0.8349999999995631 0.05669872981078829 0
0.8299999999995642 0.04803847577295253 0
0.8249999999995825 0.05669872981080151 0
0.8199999999995973 0.0480384757729698 0
0.8149999999996009 0.056698729810803 0
0.8099999999996526 0.048038475772919 0
0.8049999999996227 0.05669872981080075 0
0.799999999999662 0.04803847577290405 0
0.794999999999646 0.05669872981082433 0
0.7899999999996644 0.04803847577297722 0
0.7849999999996635 0.05669872981082986 0
0.7799999999997154 0.04803847577293766 0
0.7749999999996864 0.05669872981082057 0
0.769999999999726 0.04803847577292288 0
0.7649999999997101 0.05669872981084867 0
0.7599999999997296 0.04803847577299451 0
0.7549999999997297 0.05669872981085163 0
0.7499999999997803 0.04803847577295685 0
0.7449999999997551 0.05669872981083585 0
0.739999999999793 0.04803847577294189 0
0.7349999999997802 0.05669872981085886 0
0.729999999999799 0.04803847577300974 0
0.7249999999998004 0.05669872981086208 0
0.7199999999998498 0.04803847577297295 0
0.7149999999998258 0.05669872981084979 0
0.7099999999998627 0.04803847577295912 0
0.7049999999998513 0.05669872981087199 0
0.6999999999998681 0.04803847577302493 0
0.86999999999954 0.04803847577293976 0
0.6949999999998715 0.05669872981087599 0
0.6899999999999149 0.04803847577298873 0
0.6849999999998961 0.05669872981086573 0
0.6799999999999292 0.04803847577297649 0
0.6749999999999219 0.05669872981088848 0
0.6699999999999365 0.048038475773041 0
0.6649999999999424 0.0566987298108927 0
0.6599999999999804 0.04803847577300503 0
0.6549999999999664 0.05669872981088293 0
0.6499999999999644 0.0480384757730517 0
0.6449999999999871 0.05669872981091637 0
0.6399999999999988 0.04803847577306979 0
0.6350000000000113 0.05669872981091521 0
0.6300000000000446 0.04803847577302603 0
0.6250000000000365 0.0566987298109031 0
0.6200000000000494 0.04803847577304193 0
0.6150000000000611 0.05669872981093084 0
0.6100000000000594 0.04803847577307665 0
0.6050000000000817 0.05669872981093138 0
0.6000000000000992 0.04803847577303745 0
0.595000000000105 0.05669872981092053 0
0.5900000000001204 0.04803847577303028 0
0.5850000000001316 0.05669872981094509 0
0.5800000000001346 0.0480384757730904 0
0.5750000000001534 0.05669872981094866 0
0.5700000000001568 0.04803847577310498 0
0.5650000000001739 0.05669872981094685 0
0.5600000000001792 0.04803847577311025 0
0.5550000000002004 0.05669872981097547 0
0.5500000000001928 0.04803847577308562 0
0.5450000000002229 0.05669872981096544 0
0.5400000000002099 0.04803847577308738 0
0.5350000000002426 0.0566987298109592 0
0.5300000000002417 0.04803847577312463 0
0.5250000000002683 0.05669872981099217 0
0.5200000000002692 0.04803847577313684 0
0.5150000000002883 0.05669872981099232 0
0.5100000000002873 0.04803847577314253 0
0.5050000000003865 0.05669872981092872 0
0.5000000000003015 0.04803847577314295 0
0.4950000000004127 0.05669872981092468 0
0.4900000000002963 0.04803847577312889 0
0.4850000000004232 0.05669872981092759 0
0.4800000000003206 0.04803847577315715 0
0.4750000000006054 0.05669872981093841 0
0.4700000000003481 0.04803847577313408 0
0.4650000000005557 0.05669872981099432 0
0.4600000000003288 0.04803847577315815 0
0.4550000000003711 0.05669872981090936 0
0.4500000000003201 0.04803847577313648 0
0.445000000000333 0.05669872981096803 0
0.4400000000003159 0.04803847577317598 0
0.4350000000003265 0.05669872981092362 0
0.4300000000002993 0.0480384757731623 0
0.4250000000003187 0.05669872981091946 0
0.4200000000002996 0.04803847577316421 0
0.415000000000315 0.05669872981099472 0
0.4100000000003012 0.04803847577320431 0
0.4050000000003082 0.05669872981094574 0
0.4000000000002868 0.0480384757731892 0
0.3950000000002996 0.05669872981094876 0
0.3900000000002848 0.04803847577319927 0
0.385000000000294 0.05669872981102383 0
0.3800000000002829 0.04803847577322429 0
0.3750000000002867 0.05669872981097488 0
0.3700000000002763 0.04803847577322606 0
0.3650000000002793 0.05669872981098022 0
0.3600000000002679 0.04803847577323307 0
0.3550000000002715 0.05669872981105224 0
0.3500000000002613 0.04803847577325252 0
0.3450000000002641 0.05669872981100488 0
0.3400000000002568 0.04803847577325365 0
0.3350000000002568 0.05669872981101048 0
0.3300000000002482 0.04803847577326038 0
0.3250000000002484 0.05669872981108084 0
0.3200000000002359 0.04803847577327966 0
0.3150000000002401 0.05669872981103472 0
0.3100000000002273 0.04803847577328092 0
0.305000000000232 0.05669872981103958 0
0.3000000000002206 0.04803847577328725 0
0.2950000000002242 0.05669872981104674 0
0.2900000000002116 0.04803847577329562 0
0.2850000000002162 0.05669872981115022 0
0.2800000000002035 0.04803847577331991 0
0.2750000000002083 0.05669872981108409 0
0.270000000000197 0.04803847577331816 0
0.2650000000002007 0.05669872981107235 0
0.2600000000001858 0.0480384757733214 0
0.2550000000001923 0.05669872981117004 0
0.2500000000001757 0.04803847577334433 0
0.2450000000001839 0.05669872981111135 0
0.240000000000171 0.04803847577334414 0
0.2350000000001764 0.05669872981109367 0
0.2300000000001661 0.0480384757733464 0
0.2250000000001692 0.05669872981118729 0
0.220000000000158 0.0480384757733681 0
0.2150000000001613 0.05669872981114091 0
0.2100000000001491 0.04803847577336964 0
0.2050000000001533 0.0566987298111192 0
0.2000000000001435 0.04803847577337238 0
0.1950000000001458 0.05669872981120648 0
0.1900000000001397 0.04803847577339292 0
0.1850000000001386 0.05669872981117214 0
0.180000000000131 0.04803847577339583 0
0.1750000000001307 0.05669872981114807 0
0.1700000000001137 0.04803847577339516 0
0.1650000000001212 0.0566987298112276 0
0.1600000000001015 0.04803847577341156 0
0.1550000000001127 0.05669872981127648 0
0.1500000000000981 0.04803847577343102 0
0.1450000000001047 0.05669872981129084 0
0.140000000000094 0.04803847577344512 0
0.1350000000000967 0.05669872981130153 0
0.130000000000084 0.04803847577345395 0
0.1250000000000874 0.05669872981131022 0
0.1200000000000754 0.04803847577346147 0
0.1150000000000767 0.05669872981131957 0
0.1100000000000682 0.04803847577346315 0
0.1050000000000657 0.05669872981132754 0
0.1000000000000519 0.04803847577347743 0
0.09500000000005293 0.05669872981133696 0
0.09000000000003933 0.04803847577347984 0
0.08500000000004027 0.05669872981134451 0
0.08000000000002677 0.04803847577348724 0
0.07500000000002788 0.05669872981135254 0
0.07000000000001462 0.04803847577350225 0
0.06500000000001603 0.05669872981136105 0
0.06000000000000209 0.04803847577351229 0
0.05500000000000471 0.05669872981136957 0
0.04999999999999123 0.04803847577352126 0
0.04499999999999305 0.05669872981137838 0
0.03999999999998187 0.04803847577353008 0
0.4750000000002311 0.03937822173526055 0
0.4450000000002478 0.03937822173526883 0
0.4150000000002604 0.03937822173532022 0
0.5250000000002196 0.03937822173524925 0
0.3850000000002683 0.03937822173537074 0
0.355000000000256 0.03937822173541213 0
0.3250000000002382 0.03937822173543126 0
0.555000000000154 0.0393782217351497 0
0.2950000000002031 0.03937822173545848 0
0.2650000000001743 0.03937822173548416 0
0.235000000000161 0.03937822173551272 0
0.5850000000001329 0.03937822173508573 0
0.2050000000001386 0.03937822173554111 0
0.1750000000001127 0.0393782217355548 0
0.1450000000000866 0.03937822173558997 0
0.6150000000001001 0.03937822173505469 0
0.09500000000005783 0.03937822173559797 0
0.0649999999999962 0.03937822173565581 0
0.6450000000000613 0.03937822173502467 0
0.04499999999997827 0.03937822173567428 0
0.6750000000000275 0.03937822173497698 0
0.7049999999999876 0.03937822173494222 0
0.1250000000000753 0.03937822173560792 0
0.734999999999945 0.0393782217349071 0
0.7649999999999018 0.0393782217348676 0
0.7949999999998628 0.03937822173482819 0
0.8249999999996227 0.03937822173505319 0
0.8649999999995404 0.03937822173509251 0
0.8749999999995456 0.03937822173509394 0
0.5050000000002099 0.03937822173521996 0
0.8399999999995679 0.06535898384862555 0
0.8099999999996328 0.06535898384865953 0
0.7799999999996896 0.06535898384868835 0
0.749999999999751 0.06535898384868974 0
0.7199999999998261 0.06535898384871545 0
0.6899999999998977 0.06535898384872799 0
0.05000000000000776 0.06535898384922811 0
0.6599999999999694 0.0653589838487454 0
0.1600000000001359 0.06535898384904018 0
0.6300000000000412 0.06535898384876572 0
0.1900000000002501 0.06535898384887991 0
0.03999999999999422 0.06535898384923736 0
0.220000000000266 0.06535898384884395 0
0.6000000000001127 0.06535898384878389 0
0.2500000000002794 0.06535898384881207 0
0.2800000000002961 0.06535898384878373 0
0.5700000000001832 0.06535898384880474 0
0.3100000000005133 0.06535898384863253 0
0.3400000000005683 0.06535898384860928 0
0.5400000000002547 0.06535898384882256 0
0.3700000000006224 0.06535898384858599 0
0.4000000000006768 0.0653589838485617 0
0.4300000000007143 0.06535898384855666 0
0.4600000000009684 0.06535898384865987 0
0.5100000000006948 0.06535898384888895 0
0.844999999999701 0.03937822173499273 0
0.03518774126706541 0.03926982926459018 0
0.4900000000011287 0.06535898384874701 0
0.1400000000001091 0.06535898384915158 0
0.1200000000000898 0.06535898384917077 0
0.1000000000000667 0.06535898384918981 0
0.08000000000004118 0.06535898384920658 0
0.04003129021114976 0.03069990228598311 0
0.02999999999996437 0.03071796769784097 0
0.8699999999995438 0.03071796769724246 0
0.879999999999554 0.03071796769724395 0
0.8849999999995553 0.03937822173510078 0
0.8897530363519757 0.03086055222566378 0
0.894958839391637 0.03940198582317809 0
0.8997050156427382 0.03121770376267974 0
0.9049599827418757 0.03944054318195961 0
0.8999864703552969 0.04805282336212603 0
0.9099999999995907 0.04803847577298048 0
0.9149933304566591 0.03938860864292983 0
0.9199988884091242 0.04804020692429307 0
0.924998703144064 0.03938024141164832 0
0.9299999999996431 0.04803847577300195 0
0.9349997838570689 0.03937855834789324 0
0.9399999639759029 0.04803853187513363 0
0.9449999579719619 0.03937828718763149 0
0.9499999999996916 0.04803847577301953 0
0.9549999929950901 0.03937823264391225 0
0.9249998147345393 0.05669901833607838 0
0.9449999939957099 0.05669873916122818 0
0.9549999989990319 0.05669873136927849 0
0.9049977450588604 0.05670112107569889 0
0.9499999988322534 0.06535898566685275 0
0.959999999815327 0.06535898413586783 0
0.9299999999996585 0.0307179676972656 0
0.9649999998022045 0.05669873011848575 0
0.9699999999997004 0.06535898384875941 0
0.9499999999997119 0.03071796769729716 0
0.9599999988322924 0.03071796951543865 0
0.03073691794500326 0.04747977331584245 0
0.05000521503516518 0.03071495679584709 0
0.8549999999995455 0.07401923788646006 0
0.9649999986377171 0.03937822385632795 0
0.9699999995781667 0.0307179683538787 0
0.8899999999995296 0.08267949192430216 0
0.8599999999995892 0.03071796769727467 0
0.9399999988044417 0.06535898571011189 0
0.9549999997743909 0.0740192382374162 0
0.04500000000000992 0.07401923788702569 0
0.05500000000005884 0.0740192378869592 0
0.03499999999999502 0.07401923788706125 0
0.02999999999998374 0.0653589838492418 0
0.9748205077781803 0.03948185190892445 0
0.04499999999995913 0.02205771365998169 0
0.8647530363519549 0.02220029818781197 0
0.9549999999997331 0.02205771365944597 0
0.8849249988918209 0.02227056350383727 0
0.8949973692353895 0.05670151961982642 0
0.8999991857154086 0.0653598473609955 0
0.9099999999995744 0.06535898384870875 0
0.9049998642855203 0.07401938180523268 0
0.9149999773805979 0.0740192618729565 0
0.05000000000011158 0.08267949192461249 0
0.8552058030393166 0.02222406227581358 0
0.02529006350947515 0.0738517696417058 0
0.9747261341641384 0.05685684635706081 0
0.02031944187435093 0.06533801434920386 0
0.9796137173754104 0.06531615421461065 0
0.9746455560529035 0.07384463136894631 0
0.05524783282004309 0.02252671707583386 0
0.944999999999715 0.02205771365942955 0
0.8599931398982774 0.01438294681870405 0
0.9793037079253881 0.030573895867911 0
0.9749999999997612 0.02205771365949509 0
0.9844034586791325 0.02285312016697189 0
0.5050000000020388 0.09133974596219196 0
0.5000000000020766 0.08267949192444807 0
0.5100000000018677 0.08267949192457433 0
0.4900000000020908 0.08267949192443297 0
0.4950000000017248 0.07401923788672107 0
0.9897533185386516 0.06516089314984864 0
0.969924440063616 0.04808210063114619 0
0.9812995330176877 0.04876417310990104 0
0.8499999999995537 0.06535898384862242 0
0.8449999999995614 0.07401923788645082 0
0.834999999999588 0.0740192378864557 0
0.8399999999995924 0.08267949192429661 0
0.8299999999995895 0.06535898384863648 0
0.8249999999996125 0.07401923788647546 0
0.8199999999996135 0.06535898384865341 0
0.8149999999996371 0.07401923788648718 0
0.804999999999668 0.07401923788648627 0
0.8099999999996752 0.08267949192430976 0
0.8199999999996979 0.08267949192432567 0
0.7999999999996575 0.06535898384867994 0
0.7949999999996825 0.07401923788654825 0
0.7899999999996775 0.06535898384871651 0
0.7849999999996775 0.07401923788655448 0
0.7749999999997348 0.07401923788652155 0
0.7799999999997316 0.08267949192438818 0
0.7899999999998082 0.08267949192439239 0
0.7699999999997205 0.06535898384871136 0
0.764999999999743 0.07401923788657999 0
0.7599999999997374 0.06535898384876446 0
0.7549999999997308 0.07401923788658493 0
0.7449999999997954 0.07401923788653561 0
0.7499999999997951 0.0826794919244201 0
0.7599999999999092 0.08267949192442337 0
0.7399999999997859 0.06535898384871633 0
0.7349999999998114 0.07401923788657075 0
0.7299999999998077 0.06535898384876185 0
0.724999999999806 0.07401923788658189 0
0.7149999999998649 0.07401923788654152 0
0.7199999999998952 0.08267949192441736 0
0.7300000000000235 0.08267949192442234 0
0.7099999999998575 0.06535898384872811 0
0.7049999999998927 0.0740192378865723 0
0.6999999999998826 0.06535898384875501 0
0.6949999999998836 0.0740192378865855 0
0.6849999999999407 0.07401923788654985 0
0.689999999999994 0.08267949192442703 0
0.7000000000001498 0.08267949192443041 0
0.67999999999993 0.06535898384874246 0
0.6749999999999737 0.07401923788658442 0
0.6699999999999556 0.06535898384877131 0
0.6649999999999577 0.0740192378866025 0
0.6550000000000205 0.07401923788656366 0
0.6600000000000865 0.08267949192444728 0
0.6700000000002744 0.08267949192444884 0
0.6500000000000017 0.06535898384876154 0
0.6450000000000542 0.07401923788659925 0
0.640000000000025 0.06535898384880573 0
0.6350000000000311 0.07401923788662444 0
0.6250000000000998 0.07401923788658014 0
0.6300000000001784 0.08267949192446986 0
0.6400000000003973 0.08267949192446919 0
0.6200000000000752 0.06535898384877997 0
0.615000000000135 0.07401923788661322 0
0.6100000000001009 0.06535898384880919 0
0.6050000000001052 0.07401923788663928 0
0.5950000000001795 0.07401923788659429 0
0.6000000000002705 0.08267949192448953 0
0.6100000000005203 0.08267949192448729 0
0.5900000000001474 0.06535898384879767 0
0.5850000000001934 0.07401923788666089 0
0.5800000000001705 0.06535898384883237 0
0.5750000000001734 0.07401923788666619 0
0.5650000000002569 0.07401923788661234 0
0.5700000000003603 0.08267949192451406 0
0.5800000000006386 0.08267949192451551 0
0.5600000000002187 0.0653589838488205 0
0.5550000000002643 0.07401923788668208 0
0.5500000000002412 0.06535898384885355 0
0.5450000000002437 0.07401923788668596 0
0.5350000000003341 0.07401923788662654 0
0.5400000000005387 0.08267949192454863 0
0.5500000000007739 0.08267949192453926 0
0.5300000000002891 0.06535898384883623 0
0.5250000000006978 0.07401923788674483 0
0.8499999999995587 0.08267949192429369 0
0.8449999999996308 0.09133974596216587 0
0.8599999999995395 0.08267949192432263 0
0.02467287704822849 0.05548924057544254 0
0.4650000000019421 0.09133974596213104 0
0.4700000000019791 0.08267949192426879 0
0.4600000000017977 0.08267949192427108 0
0.4650000000015497 0.07401923788650372 0
0.4750000000016632 0.07401923788658177 0
0.008623038872246015 0.02506445855772534 0
0.01714066072601095 0.01983889855396036 0
0.01626841342277658 0.009177841112366296 0
0.02598076211357013 0.01500000000005399 0
0.01900472764128205 0.03041876759124261 0
0.01714658503263279 0.04076527380427741 0
0.00860086254641459 0.04507488381127966 0
0.01637190403367795 0.04992710165938482 0
0.4850000000020462 0.09133974596216674 0
0.4800000000019856 0.08267949192444343 0
0.06004217464252307 0.03079563311679408 0
0.06529529822465299 0.02229140966081249 0
0.02500706228219983 0.09137183489348795 0
0.9599874050828918 0.04804574906536169 0
0.5200000000005754 0.06535898384892418 0
0.9749980042655495 0.008449035734590682 0
0.03506829916553077 0.05640403119577876 0
0.9749929377177177 0.09137183489336473 0
0.1350000000000812 0.03937822173560108 0
0.1400000000000765 0.03071796769775253 0
0.1500000000000735 0.03071796769774036 0
0.145246963647616 0.02220029818830064 0
0.1550411606079842 0.02241090451549939 0
0.1600068601013868 0.0307768328403269 0
0.1650020833641533 0.02224709556711221 0
0.1352881242554935 0.02255098298081726 0
0.1505419480043232 0.01478777167054366 0
0.1700014905776537 0.03075934220602202 0
0.1750005956570403 0.02242559983003885 0
0.3650000000002647 0.0393782217354034 0
0.3600000000002549 0.03071796769756397 0
0.3500000000002567 0.03071796769757319 0
0.3700000000002538 0.03071796769755277 0
0.355246963647761 0.02220029818809825 0
0.3452881242556861 0.02255348904368347 0
0.3400480207095005 0.0308005969282375 0
0.3350560241610457 0.02248354119635872 0
0.330017340811919 0.03080271049213189 0
0.3250122274956387 0.02247223548255903 0
0.3300113752760534 0.01521888514471062 0
0.3750000000002713 0.03937822173539007 0
0.3800000000002554 0.03071796769753837 0
0.39000000000025 0.03071796769752153 0
0.3852469636477466 0.02220029818805993 0
0.3950411606081484 0.02241090451525507 0
0.4000068601015611 0.03077683284009967 0
0.4052549670992653 0.02259840095523858 0
0.3905419480042174 0.01478777167025165 0
0.4100436378669611 0.03081789310384908 0
0.4152967311420103 0.02230706697166485 0
0.3752881242556712 0.02255348904365062 0
0.4200567281683161 0.03077618081719537 0
0.4250589098851806 0.02243840149909962 0
0.4300192730090595 0.03079111785731091 0
0.4352599941299972 0.0226053646220451 0
0.420553200799398 0.01481014929813488 0
0.4400465445233135 0.03082143455114712 0
0.4452980534231669 0.02230881782397639 0
0.4500574329912184 0.03077706286708955 0
0.4550592477358322 0.02243884031609704 0
0.4600194467879647 0.03079133800174944 0
0.4652600794015634 0.02260547444891369 0
0.4505534774879972 0.01481051424299194 0
0.4700465876983695 0.03082148954633225 0
0.4752980748309092 0.02230884529427678 0
0.4800574437549993 0.03077707661134144 0
0.4850592530977261 0.0224388471851493 0
0.4900194494755572 0.03079134143729575 0
0.4950034144876347 0.02224828495343479 0
0.4805534819495672 0.01481051996619114 0
0.5000038106606295 0.03076195853630508 0
0.5050003134609296 0.02223809035089111 0
0.5100006873537108 0.03075536228573396 0
0.5152471304500191 0.02256351410570773 0
0.5200413029674072 0.03080850020310528 0
0.5252950358838152 0.02229968701312841 0
0.5300560564753104 0.03077338534056447 0
0.5350585153932506 0.02243670559309777 0
0.5400190953115214 0.030790369293433 0
0.5452598987650493 0.02260495721026437 0
0.5305528525076537 0.01480863665396233 0
0.5500464990128486 0.03082124188840228 0
0.5552980299439031 0.02230871781139051 0
0.560057421492882 0.03077701408777481 0
0.5650592419061942 0.02243881551730011 0
0.570019443899934 0.03079132573866698 0
0.5752600779486186 0.02260546827179806 0
0.5605534726031935 0.01481049344102664 0
0.580046586974842 0.03082148647285676 0
0.5852980744681735 0.02230884375233698 0
0.5900574435739214 0.0307770758419131 0
0.5950592530070808 0.02243884679976723 0
0.6000194494302467 0.03079134124468249 0
0.6052600807204971 0.02260547606983701 0
0.5905534818740885 0.01481051964491308 0
0.610046588358529 0.03082149035683149 0
0.6152980751607801 0.02230884569928818 0
0.620057443919964 0.03077707681369961 0
0.6250592531801917 0.02243884728617897 0
0.6300194495167645 0.03079134148768693 0
0.6352600807637794 0.02260547619136757 0
0.620553482018412 0.01481052005045767 0
0.64004658838015 0.03082149041755573 0
0.6452980751716088 0.0223088457296155 0
0.6500574439253584 0.03077707682884001 0
0.6550592531828987 0.02243884729371437 0
0.6600194495180972 0.03079134149143467 0
0.6652600807644644 0.02260547619321158 0
0.650553482020704 0.01481052005675239 0
0.6700465883804714 0.03082149041845264 0
0.6752980751717882 0.02230884573002754 0
0.6800574439254288 0.03077707682902278 0
0.685059253182943 0.0224388472937743 0
0.6900194495180991 0.03079134149144622 0
0.6952600807644824 0.02260547619319059 0
0.6805534820207778 0.01481052005681742 0
0.7000465883804594 0.03082149041841957 0
0.7052980751717992 0.02230884572997648 0
0.7100574439254148 0.0307770768289766 0
0.7150592531829449 0.02243884729372158 0
0.7200194495180799 0.03079134149140151 0
0.7252600807644902 0.02260547619314162 0
0.7105534820208148 0.01481052005678942 0
0.7300465883804416 0.03082149041837222 0
0.7352980751718066 0.02230884572991643 0
0.7400574439253962 0.03077707682892293 0
0.7450592531829441 0.02243884729366066 0
0.750019449518055 0.03079134149134962 0
0.7552600807644969 0.02260547619308559 0
0.7405534820208488 0.0148105200567574 0
0.7600465883804208 0.0308214904183193 0
0.7652980751718169 0.02230884572985161 0
0.7700574439253788 0.03077707682886593 0
0.7750592531829456 0.02243884729360032 0
0.7800194495180343 0.03079134149129641 0
0.7852600807645042 0.02260547619303007 0
0.7705534820208879 0.01481052005672336 0
0.7900465883804039 0.03082149041826591 0
0.7952980751718253 0.02230884572978441 0
0.8000574439253632 0.03077707682880663 0
0.805059253182948 0.02243884729353331 0
0.810019449518015 0.03079134149123952 0
0.8152600807645167 0.02260547619296821 0
0.8005534820209255 0.01481052005668606 0
0.820046588380356 0.03082149041825222 0
0.8252980751718366 0.02230884572972033 0
0.8300574439252794 0.03077707682885822 0
0.8350592531828858 0.02243884729351556 0
0.8305534820209506 0.0148105200566538 0
0.84001944951785 0.03079134149144329 0
0.8050128155737066 0.03940030222264768 0
0.7750128155737501 0.03940030222268345 0
0.7450128155737956 0.03940030222271679 0
0.7150128155738448 0.03940030222274831 0
0.6850128155738888 0.03940030222277653 0
0.6550128155739091 0.03940030222276933 0
0.6250128155728295 0.03940030221963038 0
0.5450000000001459 0.0393782217350844 0
0.5950128155007696 0.03940030201717004 0
0.4950038766895378 0.03939778249840883 0
0.4650000000001833 0.03937822173520669 0
0.3650891813174036 0.02249353374595431 0
0.3605499514557957 0.01480154320873167 0
0.4350000000002189 0.0393782217352716 0
0.4050000000002531 0.03937822173533118 0
0.991465501031465 0.0446499741898748 0
0.2250000000001585 0.03937822173552286 0
0.2300000000001501 0.03071796769767632 0
0.2400000000001486 0.03071796769766904 0
0.2200000000001461 0.03071796769768535 0
0.2352469636476711 0.02220029818821641 0
0.2450411606080564 0.02241090451541713 0
0.2500068601014628 0.03077683284025848 0
0.2550020833642285 0.02224709556704524 0
0.2405419480042902 0.01478777167043749 0
0.2600014905777198 0.03075934220595506 0
0.2650005956570926 0.02242559982999046 0
0.2150000000001471 0.03937822173553013 0
0.2100000000001388 0.03071796769769503 0
0.200000000000138 0.03071796769770385 0
0.2050000000001338 0.02238714042744296 0
0.1950000000001372 0.02224351072264811 0
0.1900000000001441 0.03074893387484112 0
0.1850000992762855 0.02248458199574956 0
0.2150000000001326 0.0224420448886445 0
0.2100000000000014 0.01519778658426251 0
0.1800001327449601 0.03077063382936197 0
0.1800001158221804 0.01521128600254565 0
0.2252881242555921 0.0226175442486174 0
0.914999999999641 0.09133974596214602 0
0.2750000000001883 0.03937822173547888 0
0.2700003477059211 0.03078617781072346 0
0.2800000579511346 0.03072933604981437 0
0.2750001668857689 0.02246171786656525 0
0.2850000097546299 0.02224723945501801 0
0.2700001270904029 0.01520747531432638 0
0.29000001128442 0.03075145005552681 0
0.2950000035066287 0.02242430845290536 0
0.03437143709403396 0.02101414130093852 0
0.3050000000002142 0.03937822173545183 0
0.3000000024653107 0.03078464722278717 0
0.3100000004110526 0.03072908095180304 0
0.3050000010639221 0.02246120502271083 0
0.3000000007616797 0.01520717461083159 0
0.3150010398785951 0.02246436737156159 0
0.3200013279449944 0.03075775283847883 0
0.1300480207093134 0.03080017925124284 0
0.1200080034516181 0.03073166962333914 0
0.1250209030865484 0.02233178018404763 0
0.1147578541087822 0.02257518030105804 0
0.1099609762601187 0.03080649579220361 0
0.1047061747472929 0.02230129731091406 0
0.09994452516795234 0.03077331965531677 0
0.09494178331927333 0.02243696302888647 0
0.09944739904926103 0.01480894794331109 0
0.08998105141458204 0.03079040125216175 0
0.08499665220810421 0.02224881476939509 0
0.07999628393713731 0.03076189014174267 0
0.07504803906165605 0.02246526035318671 0
0.1049842502380539 0.03940220174427811 0
0.07499938065619996 0.03938554214296464 0
0.07006352942036093 0.0308463261918594 0
0.07055115017614966 0.01481201622229061 0
0.08499611933467385 0.03939883446990568 0
0.1350000000005625 0.09133974596212188 0
0.130000000000399 0.0826794919243146 0
0.1200000000003435 0.08267949192432866 0
0.115000000000453 0.09133974596213468 0
0.1100000000003047 0.08267949192434028 0
0.1000000000002766 0.08267949192434457 0
0.1400000000004022 0.08267949192432283 0
0.1500000000004247 0.0826794919243193 0
0.1550000000006072 0.09133974596213186 0
0.1600000000004638 0.08267949192431248 0
0.1650000000006407 0.09133974596213082 0
0.1700000000005846 0.08267949192427899 0
0.1800000000006954 0.08267949192430496 0
0.1750000000004123 0.07401923788658973 0
0.1850000000007504 0.09133974596211267 0
0.1900000000006578 0.08267949192432089 0
0.195000000000795 0.09133974596206053 0
0.2000000000007071 0.08267949192424708 0
0.210000000000804 0.08267949192427322 0
0.2050000000005696 0.07401923788648412 0
0.2150000000008724 0.09133974596209532 0
0.2200000000007382 0.08267949192428298 0
0.2250000000009235 0.0913397459620294 0
0.2300000000008077 0.08267949192422019 0
0.2400000000009098 0.08267949192425264 0
0.2350000000005016 0.07401923788651493 0
0.2450000000009953 0.09133974596208956 0
0.2500000000008168 0.08267949192426099 0
0.2550000000010109 0.09133974596209585 0
0.2600000000008972 0.08267949192422103 0
0.2700000000010115 0.0826794919242472 0
0.2650000000005406 0.07401923788649448 0
0.275000000001117 0.09133974596209185 0
0.2800000000008971 0.08267949192424968 0
0.2850000000011285 0.09133974596209718 0
0.290000000000991 0.08267949192421559 0
0.3000000000011276 0.08267949192425118 0
0.2950000000006002 0.07401923788648453 0
0.3050000000012404 0.09133974596209489 0
0.31000000000118 0.08267949192424004 0
0.3150000000012939 0.09133974596205785 0
0.3200000000013106 0.08267949192419423 0
0.3300000000012807 0.08267949192424939 0
0.3250000000008884 0.07401923788635521 0
0.3350000000013698 0.09133974596209456 0
0.3400000000013071 0.08267949192423958 0
0.345000000001419 0.09133974596205674 0
0.3500000000014358 0.08267949192419298 0
0.360000000001403 0.08267949192424975 0
0.3550000000009768 0.07401923788634117 0
0.3450000000009096 0.07401923788639445 0
0.365000000001494 0.09133974596209424 0
0.3700000000014289 0.08267949192424043 0
0.3750000000015434 0.09133974596205616 0
0.38000000000156 0.08267949192419283 0
0.3900000000015256 0.08267949192425077 0
0.3850000000010647 0.07401923788632828 0
0.3750000000009962 0.07401923788638254 0
0.3950000000016184 0.09133974596209385 0
0.4000000000015514 0.08267949192424051 0
0.4050000000016684 0.09133974596205446 0
0.4100000000016852 0.08267949192419149 0
0.4200000000016487 0.08267949192425172 0
0.4150000000011534 0.07401923788631397 0
0.4050000000010837 0.07401923788636966 0
0.4250000000017428 0.09133974596209389 0
0.4300000000016589 0.08267949192425056 0
0.4350000000017978 0.09133974596203977 0
0.4400000000017704 0.08267949192417565 0
0.4350000000012473 0.07401923788636308 0
0.445000000001308 0.0740192378862828 0
0.4500000000016358 0.08267949192424988 0
0.3150000000008217 0.07401923788640732 0
0.0950000000003723 0.09133974596213831 0
0.09000000000024418 0.08267949192435237 0
0.08000000000021604 0.0826794919243551 0
0.07500000000030027 0.09133974596215261 0
0.0700000000001943 0.08267949192444857 0
0.924999999999698 0.09133974596213185 0
0.9299999999996922 0.08267949192428388 0
0.9399999999997077 0.08267949192430399 0
0.9449999999997387 0.09133974596214307 0
0.9549999999997456 0.09133974596215469 0
0.1149922049916682 0.03939925674039223 0
0.9649999999997576 0.02205771365946966 0
0.4550000000018323 0.09133974596212081 0
0.8899904464968259 0.04804529268732782 0
0.9549999999998855 0.008660254037867503 0
0.1650009941285273 0.03939015502733531 0
0.5050286534833418 0.008069335535397735 0
0.3450080034517982 0.03939199327385963 0
0.315000221392827 0.03938670480128759 0
0.8849789996895081 0.008052930858171992 0
0.05500789827960934 0.03939066415516747 0
0.2850000115393935 0.03938569685381568 0
0.8899994258248161 0.06535959273553507 0
0.9349999999998266 0.008660254037867132 0
0.9199999999996341 0.03071796769726124 0
0.9249999999996471 0.02205771365939562 0
0.9148235973942029 0.02289171676848602 0
0.9349999999996731 0.02205771365939617 0
0.9047118757442005 0.008384514176013951 0
0.8994580519952265 0.01591196415272762 0
0.2450011433503793 0.03938803259260443 0
0.1950000000001414 0.03938338276506811 0
0.9249849997782396 0.008393456559297583 0
0.9099136543724509 0.03128180238638167 0
0.1249999999997793 0.007728411592536133 0
0.3350062385183206 0.03939362509968064 0
0.04499999999991076 0.008660254037825159 0
0.8649999999995468 0.09133974596217179 0
0.874699375559402 0.02258645795447509 0
0.8549999999996276 0.03937822173511307 0
0.5150000000018062 0.09133974596231606 0
0.914999408033548 0.05669946496774714 0
0.939999999999688 0.0307179676972823 0
0.5150000000002742 0.03937822173530434 0
0.8799984077490883 0.04803961192533943 0
0.2550015823383496 0.03939656348682798 0
0.1850000158030925 0.03938879237106574 0
0.07000000000002848 0.06535898384913162 0
0.09000000000005386 0.06535898384919629 0
0.01010379499357505 0.06528684325034512 0
0.8350128155735949 0.03940030222270771 0
0.9199998666912472 0.06535915846011534 0
0.9299999999996242 0.06535898384873828 0
0.2900000000003009 0.0653589838487082 0
0.1100000000000787 0.06535898384917747 0
0.1500000000001177 0.06535898384909754 0
0.1300000000000999 0.06535898384915804 0
0.1550013090383789 0.03939002147463919 0
0.5650128108989076 0.03940028914051397 0
0.8749997346244603 0.05669891916951782 0
0.8299999999996542 0.08267949192433163 0
0.93499996191831 0.05669878911738205 0
0.0600000000000239 0.06535898384914231 0
0.8949999999995408 0.09133974596214779 0
0.5750000000001398 0.03937822173527709 0
0.9649409259402782 0.07399013690660444 0
0.395001143350484 0.03938803259245192 0
0.8849975639883514 0.05670065333103029 0
0.8049999999999363 0.09133974596221534 0
0.8149999999998331 0.09133974596218998 0
0.8849999043037435 0.07401933936762108 0
0.4250126668630756 0.03940011561523744 0
0.2600000000002773 0.0653589838487347 0
0.6050000000000967 0.0393782217352712 0
0.5350125252979414 0.03939952494175718 0
0.7999999999997809 0.08267949192436279 0
0.8949997300214156 0.07401952418633007 0
0.9815022350525884 0.08183136309162266 0
0.4550128132967104 0.03940029931426819 0
0.9199999962297971 0.08267949592205137 0
0.6350000000000545 0.03937822173527311 0
0.8349999999996893 0.09133974596216239 0
0.2300000000002593 0.06535898384876451 0
0.4850134616534904 0.03940356230476544 0
0.6649999999999936 0.03937822173525989 0
0.8999999323841897 0.08267956362741416 0
0.6949999999999337 0.03937822173524802 0
0.7699999999998495 0.08267949192433272 0
0.9099999900333068 0.08267950249309973 0
0.7750000000001748 0.09133974596232199 0
0.7249999999998741 0.0393782217352375 0
0.7549999999998044 0.03937822173522238 0
0.7849999999997443 0.03937822173521027 0
0.2000000000002579 0.06535898384879181 0
0.8149999999996851 0.03937822173518868 0
0.7400000000000071 0.08267949192443312 0
0.9349999998004722 0.07401923819673777 0
0.9249999902877337 0.07401925021069196 0
0.9449999995351522 0.07401923860995679 0
0.9499999998847342 0.08267949210338263 0
0.170000000000201 0.06535898384886493 0
0.9599901542664369 0.08267464184933664 0
0.7849999999999728 0.09133974596222122 0
0.9701786348382863 0.0825087256786701 0
0.7100000000001336 0.0826794919244422 0
0.745000000000382 0.09133974596238487 0
0.7150000000005912 0.09133974596241808 0
0.6800000000002602 0.08267949192446031 0
0.7550000000001302 0.09133974596224798 0
0.685000000000799 0.09133974596246053 0
0.7250000000002976 0.09133974596225382 0
0.6500000000003856 0.08267949192448294 0
0.06500000000010188 0.07401923788681108 0
0.06000000000026545 0.08267949192453206 0
0.695000000000468 0.09133974596226527 0
0.05500000000037107 0.09133974596227268 0
0.6550000000010067 0.09133974596250841 0
0.6200000000003851 0.08267949192428489 0
0.6650000000006366 0.09133974596228261 0
0.6250000000012141 0.0913397459625583 0
0.8452943812708554 0.02263320096281624 0
0.5900000000005017 0.08267949192428911 0
0.8500866056378232 0.03085383598290893 0
0.01848856774194552 0.08183238284503135 0
0.02979761558894435 0.08251574385901927 0
0.1650000000002852 0.07401923788656109 0
0.6350000000008047 0.09133974596230121 0
0.03996626926482261 0.08265220058038433 0
0.5950000000014213 0.09133974596260626 0
0.04499437821095328 0.09133519740492231 0
0.5600000000006194 0.08267949192429298 0
0.07500000000004028 0.07401923788665281 0
0.1950000000005161 0.07401923788658615 0
0.08500000000005649 0.07401923788663879 0
0.09500000000006585 0.07401923788662775 0
0.1050000000000834 0.07401923788661491 0
0.6050000000009726 0.09133974596231853 0
0.1150000000001103 0.07401923788662673 0
0.1250000000001499 0.07401923788664153 0
0.5650000000016308 0.09133974596265619 0
0.135000000000163 0.07401923788663375 0
0.1450000000001747 0.07401923788662138 0
0.1550000000001983 0.07401923788660428 0
0.5300000000010644 0.08267949192462598 0
0.1800000000002978 0.06535898384890799 0
0.1850000000004716 0.07401923788659825 0
0.2250000000005398 0.07401923788656041 0
0.5750000000011397 0.0913397459623391 0
0.5350000000018371 0.09133974596270587 0
0.2150000000005137 0.0740192378865044 0
0.2100000000002759 0.06535898384874771 0
0.25500000000058 0.07401923788653338 0
0.2450000000005459 0.07401923788648265 0
0.2750000000005318 0.07401923788643251 0
0.545000000001324 0.0913397459623604 0
0.2400000000003244 0.06535898384879651 0
0.2850000000006028 0.07401923788647903 0
0.5050000000014008 0.07401923788670614 0
0.3050000000007662 0.07401923788652064 0
0.2700000000003424 0.06535898384876698 0
0.3350000000008845 0.07401923788654483 0
0.3000000000004395 0.0653589838487387 0
0.3650000000009901 0.07401923788657389 0
0.3300000000003264 0.06535898384847154 0
0.5000000000009202 0.06535898384873215 0
0.3950000000010944 0.07401923788657619 0
0.4800000000012216 0.06535898384885233 0
0.3600000000003573 0.06535898384843487 0
0.470000000001094 0.06535898384875506 0
0.425000000001201 0.07401923788658016 0
0.3200000000004335 0.06535898384858431 0
0.3900000000003874 0.06535898384839688 0
0.4850000000016357 0.07401923788662976 0
0.4400000000007117 0.06535898384855457 0
0.3500000000005579 0.06535898384863947 0
0.4200000000004519 0.06535898384839346 0
0.4500000000008187 0.0653589838486581 0
0.3800000000006085 0.0653589838486154 0
0.4550000000012199 0.074019237886574 0
0.4100000000006648 0.06535898384859654 0
0.5200000000013772 0.08267949192461199 0
0.5150000000011021 0.07401923788674172 0
0.9916751516985496 0.085087318639996 0
0.008323753396022841 0.08508744003928491 0
0.9910933341663037 0.01532617364793147 0
0.9844220527823874 0.03790878510665457 0
0.02612644760252419 0.03872786690912833 0
0.02529951751497229 0.02339795502880729 0
0.9930447650362322 0.02499999999994165 0
0.4402675753891087 0.01485583026126173 0
0.4102664710557249 0.01485431701728456 0
0.3802618272002491 0.01482530729678833 0
0.4702675939125568 0.01485585409797098 0
0.3502631611088783 0.01482760255322881 0
0.3252488595265576 0.007687317989615636 0
0.5202119035741228 0.01492346099710242 0
0.2952469637741851 0.007685366233968866 0
0.5502675547675814 0.01485574222348863 0
0.2652469848290065 0.007685416351220093 0
0.2302618272003283 0.01483598316443367 0
0.2052469636473647 0.007683801562883873 0
0.5802675935973938 0.01485585275787404 0
0.1752469829510837 0.007686051465929612 0
0.6102675941988861 0.01485585444961891 0
0.1402089064186816 0.01490133017494622 0
0.09490789984146139 0.007432152883604002 0
0.6402675942083103 0.014855854475969 0
0.6702675942084915 0.01485585447634631 0
0.06021178063765227 0.01491651186153724 0
0.7002675942085264 0.01485585447632277 0
0.07509185836263041 0.007432664263397748 0
0.7302675942085592 0.01485585447629297 0
0.7602675942085917 0.01485585447625767 0
0.1097891708832227 0.01492572562758522 0
0.1550903246672167 0.007428623504752331 0
0.8948068504801774 0.02327316756332462 0
0.8698781915338412 0.01483977186177487 0
0.7902675942086244 0.01485585447622416 0
0.1850411831287383 0.007666268898992044 0
0.8202675942086584 0.01485585447618585 0
0.8501645419171827 0.01477508248931205 0
0.2151234818235591 0.007601363265695736 0
0.909791093580834 0.01579536700263643 0
0.2450903246670745 0.00742862350468944 0
0.2750411853196571 0.007665527931815446 0
0.3050411607557033 0.007665469461684294 0
0.3351256936826435 0.007605465763509943 0
0.3651739797913162 0.007368638014589643 0
0.3951726458826599 0.007366342758159799 0
0.4251745213484633 0.00737007236278919 0
0.4551745674631691 0.007370133186912949 0
0.4851029614347411 0.007553637300901213 0
0.8051745682190773 0.007370134155747924 0
0.7751745682190193 0.007370134155764286 0
0.8351745682191086 0.007370134155770145 0
0.7451745682189626 0.007370134155777698 0
0.7151745682189075 0.007370134155790884 0
0.6851745682188506 0.007370134155801908 0
0.6551745682187877 0.007370134155799226 0
0.5951745681942509 0.007370134087178147 0
0.6251745682183549 0.007370134154759481 0
0.5651745666490509 0.00737012971987408 0
0.5351744632997445 0.007369820255371731 0
0.9832797505227703 0.05807581018471279 0
0.04064119972683387 0.01535741051049283 0
0.050212869298283 0.01522414301242416 0
0.1199275625561889 0.01519141591903287 0
0.1301036498203115 0.01508836196336888 0
0.0250000000000377 0.006698729810839444 0
0.9800747993719001 0.01529330535773353 0
0.9700061907853185 0.01533543820293687 0
0.9600010317973898 0.01535505957438139 0
0.9500001719660497 0.01535832980294643 0
0.9400000286608226 0.01535887484101314 0
0.8798841938447495 0.01515332042951594 0
0.9299999999998143 0.01535898384857236 0
0.9198921211841463 0.01544799777388639 0
0.499999999998686 0.01535898384812381 0
0.5101107339285859 0.01516327262766384 0
0.3703094985525056 0.0148991804215706 0
0.3402063842964945 0.0150069258202037 0
0.4002951866574249 0.01489505135597901 0
0.4303013548077695 0.01490539821049796 0
0.3100018309412273 0.01531564051679716 0
0.4603014822159205 0.0149055645854194 0
0.2800017999901538 0.01530625831934505 0
0.4900000000000992 0.01537402022680934 0
0.2500293070875661 0.01527556081008773 0
0.2201945600957419 0.01500788222858261 0
0.1900025144696757 0.01528059227425468 0
0.1600293070875121 0.01527556081019265 0
0.1048280111946611 0.007498846230561938 0
0.08002983565052968 0.01527922075877121 0
0.5403012020046185 0.01490473885929426 0
0.06517186529691167 0.007497907212683294 0
0.5703014799998239 0.01490555515457316 0
0.1451695969491392 0.007490662713179228 0
0.6003014842148932 0.0149055670451439 0
0.08991947262724226 0.0150988099557278 0
0.1700237317076536 0.01523182022826007 0
0.6303014842806112 0.01490556722971118 0
0.2000151529469425 0.01526924410413488 0
0.2352313378609072 0.007400824926567081 0
0.6603014842816712 0.0149055672325572 0
0.2600237328255666 0.01523144218380096 0
0.904749710577605 0.02339528693937268 0
0.6903014842817203 0.01490556723256919 0
0.854999999999618 0.006683693432264382 0
0.2900151104098965 0.01527395228567954 0
0.3200167233430534 0.01529145103650914 0
0.7203014842817534 0.01490556723253896 0
0.8649814704094692 0.006904204999768094 0
0.8899999999997074 0.01534394747006572 0
0.7503014842817849 0.01490556723250357 0
0.3552468366081437 0.00739172583271346 0
0.3852450580632936 0.007388665490818129 0
0.780301484281818 0.01490556723246875 0
0.4152480200826637 0.007397851649648843 0
0.4452482579387387 0.007398174818470641 0
0.8103014842818529 0.0149055672324289 0
0.4752363274314636 0.007428763764115527 0
0.8402900256509875 0.01489672602962309 0
0.5251859369972393 0.00748802813919945 0
0.5552482535519857 0.007398156100661683 0
0.5852482618263402 0.00739817961825522 0
0.6152482619546968 0.007398179979064179 0
0.6452482619567584 0.007398179984675828 0
0.6752482619568483 0.007398179984747497 0
0.7052482619569063 0.007398179984735205 0
0.7352482619569631 0.007398179984720895 0
0.7652482619570211 0.007398179984704618 0
0.7952482619570791 0.00739817998468808 0
0.8252482619571313 0.007398179984676973 0
0.9833103731539889 0.07240405967441728 0
0.01663296587378319 0.07243525332671115 0
0.01622595264204517 0.05810417437732081 0
0.007320508075730234 0.09267949192428707 0
0.007320508075704297 0.007320508075716789 0
0.9926794919242803 0.09267949192428637 0
0.9927304073544613 0.007269592645526781 0
0.02305814917392452 0.04597196900246259 0
0.9869098040802141 0.02969443894721411 0
$EndNodes
$Elements
5 2626 1 2626
1 1 1 100
1 1 5 
2 5 6 
3 6 7 
4 7 8 
5 8 9 
6 9 10 
7 10 11 
8 11 12 
9 12 13 
10 13 14 
11 14 15 
12 15 16 
13 16 17 
14 17 18 
15 18 19 
16 19 20 
17 20 21 
18 21 22 
19 22 23 
20 23 24 
21 24 25 
22 25 26 
23 26 27 
24 27 28 
25 28 29 
26 29 30 
27 30 31 
28 31 32 
29 32 33 
30 33 34 
31 34 35 
32 35 36 
33 36 37 
34 37 38 
35 38 39 
36 39 40 
37 40 41 
38 41 42 
39 42 43 
40 43 44 
41 44 45 
42 45 46 
43 46 47 
44 47 48 
45 48 49 
46 49 50 
47 50 51 
48 51 52 
49 52 53 
50 53 54 
51 54 55 
52 55 56 
53 56 57 
54 57 58 
55 58 59 
56 59 60 
57 60 61 
58 61 62 
59 62 63 
60 63 64 
61 64 65 
62 65 66 
63 66 67 
64 67 68 
65 68 69 
66 69 70 
67 70 71 
68 71 72 
69 72 73 
70 73 74 
71 74 75 
72 75 76 
73 76 77 
74 77 78 
75 78 79 
76 79 80 
77 80 81 
78 81 82 
79 82 83 
80 83 84 
81 84 85 
82 85 86 
83 86 87 
84 87 88 
85 88 89 
86 89 90 
87 90 91 
88 91 92 
89 92 93 
90 93 94 
91 94 95 
92 95 96 
93 96 97 
94 97 98 
95 98 99 
96 99 100 
97 100 101 
98 101 102 
99 102 103 
100 103 2 
1 2 1 10
101 2 104 
102 104 105 
103 105 106 
104 106 107 
105 107 108 
106 108 109 
107 109 110 
108 110 111 
109 111 112 
110 112 3 
1 3 1 100
111 3 113 
112 113 114 
113 114 115 
114 115 116 
115 116 117 
116 117 118 
117 118 119 
118 119 120 
119 120 121 
120 121 122 
121 122 123 
122 123 124 
123 124 125 
124 125 126 
125 126 127 
126 127 128 
127 128 129 
128 129 130 
129 130 131 
130 131 132 
131 132 133 
132 133 134 
133 134 135 
134 135 136 
135 136 137 
136 137 138 
137 138 139 
138 139 140 
139 140 141 
140 141 142 
141 142 143 
142 143 144 
143 144 145 
144 145 146 
145 146 147 
146 147 148 
147 148 149 
148 149 150 
149 150 151 
150 151 152 
151 152 153 
152 153 154 
153 154 155 
154 155 156 
155 156 157 
156 157 158 
157 158 159 
158 159 160 
159 160 161 
160 161 162 
161 162 163 
162 163 164 
163 164 165 
164 165 166 
165 166 167 
166 167 168 
167 168 169 
168 169 170 
169 170 171 
170 171 172 
171 172 173 
172 173 174 
173 174 175 
174 175 176 
175 176 177 
176 177 178 
177 178 179 
178 179 180 
179 180 181 
180 181 182 
181 182 183 
182 183 184 
183 184 185 
184 185 186 
185 186 187 
186 187 188 
187 188 189 
188 189 190 
189 190 191 
190 191 192 
191 192 193 
192 193 194 
193 194 195 
194 195 196 
195 196 197 
196 197 198 
197 198 199 
198 199 200 
199 200 201 
200 201 202 
201 202 203 
202 203 204 
203 204 205 
204 205 206 
205 206 207 
206 207 208 
207 208 209 
208 209 210 
209 210 211 
210 211 4 
1 4 1 10
211 4 212 
212 212 213 
213 213 214 
214 214 215 
215 215 216 
216 216 217 
217 217 218 
218 218 219 
219 219 220 
220 220 1 
2 1 2 2406
221 699 292 894 
222 894 292 1237 
223 293 1116 1176 
224 1070 294 1175 
225 278 610 861 
226 1116 293 1307 
227 294 1070 1306 
228 700 537 1179 
229 610 278 1236 
230 1187 37 1219 
231 1189 34 1218 
232 1191 31 1217 
233 1193 25 1214 
234 1195 22 1211 
235 735 1187 1219 
236 899 1189 1218 
237 891 1191 1217 
238 881 1193 1214 
239 883 1195 1211 
240 5 6 698 
241 537 700 1180 
242 701 700 1179 
243 5 698 1310 
244 297 1070 1175 
245 1116 298 1176 
246 595 608 1306 
247 1042 594 1307 
248 1177 602 1242 
249 295 1177 1242 
250 608 595 1236 
251 1197 721 1240 
252 1031 1209 1247 
253 1201 597 1238 
254 1215 250 1249 
255 905 1206 1239 
256 1188 769 1251 
257 57 1235 1295 
258 60 1234 1296 
259 66 1233 1298 
260 63 1232 1297 
261 69 1231 1299 
262 72 1230 1300 
263 75 1229 1301 
264 52 1224 1293 
265 81 1226 1303 
266 78 1228 1302 
267 84 1225 1304 
268 87 1227 1305 
269 49 1223 1291 
270 46 1222 1290 
271 43 1221 1288 
272 40 1220 1287 
273 28 1216 1275 
274 1212 838 1292 
275 19 1207 1269 
276 543 1208 1278 
277 1210 831 1289 
278 11 1203 1267 
279 1205 824 1286 
280 1204 817 1283 
281 1202 810 1279 
282 1198 14 1264 
283 1200 803 1276 
284 1199 796 1273 
285 1192 884 1261 
286 1196 789 1270 
287 1194 782 1268 
288 1190 775 1266 
289 1186 730 1253 
290 1184 746 1252 
291 1183 742 1254 
292 1182 750 1255 
293 1185 757 1257 
294 1213 1113 1294 
295 861 610 1178 
296 699 894 1180 
297 594 1042 1308 
298 293 1042 1307 
299 608 294 1306 
300 690 703 1313 
301 292 699 1241 
302 567 690 1313 
303 1235 776 1295 
304 1234 783 1296 
305 1232 790 1297 
306 1233 797 1298 
307 1231 804 1299 
308 1230 811 1300 
309 1224 765 1293 
310 1229 818 1301 
311 1228 825 1302 
312 1226 832 1303 
313 1225 839 1304 
314 1223 758 1291 
315 1227 844 1305 
316 1222 751 1290 
317 1221 743 1288 
318 1220 858 1287 
319 1216 870 1275 
320 1207 722 1269 
321 270 1212 1292 
322 1208 1022 1278 
323 267 1210 1289 
324 1203 918 1267 
325 265 1205 1286 
326 263 1204 1283 
327 260 1202 1279 
328 910 1198 1264 
329 258 1200 1276 
330 238 1192 1261 
331 256 1199 1273 
332 255 1196 1270 
333 254 1194 1268 
334 253 1190 1266 
335 243 1186 1253 
336 245 1184 1252 
337 246 1183 1254 
338 247 1182 1255 
339 248 1185 1257 
340 272 1213 1294 
341 234 1197 1240 
342 1209 276 1247 
343 1019 1215 1249 
344 233 1201 1238 
345 1206 288 1239 
346 252 1188 1251 
347 527 388 1161 
348 837 840 1087 
349 842 845 1043 
350 845 529 1043 
351 500 840 842 
352 500 842 1043 
353 957 955 1149 
354 830 833 1085 
355 499 833 835 
356 499 835 846 
357 823 826 1084 
358 840 500 1087 
359 498 826 828 
360 498 828 847 
361 833 499 1085 
362 816 819 1083 
363 951 949 1144 
364 497 819 821 
365 497 821 848 
366 826 498 1084 
367 809 812 1079 
368 694 527 1161 
369 495 812 814 
370 495 814 849 
371 819 497 1083 
372 802 805 1077 
373 846 837 1087 
374 694 693 1171 
375 494 805 807 
376 945 943 1139 
377 695 1159 1165 
378 812 495 1079 
379 494 807 850 
380 795 798 1073 
381 847 830 1085 
382 492 798 800 
383 805 494 1077 
384 232 1136 1141 
385 848 823 1084 
386 607 531 1157 
387 1150 607 1157 
388 492 800 851 
389 231 1123 1132 
390 835 837 846 
391 1141 683 1147 
392 528 710 1174 
393 798 492 1073 
394 489 791 793 
395 683 684 1147 
396 788 791 1066 
397 230 1114 1121 
398 231 684 1123 
399 1132 676 1140 
400 527 694 1171 
401 939 937 1125 
402 849 816 1083 
403 828 830 847 
404 676 677 1140 
405 229 1110 1112 
406 230 677 1114 
407 791 489 1066 
408 1121 669 1129 
409 1108 207 1122 
410 984 979 1158 
411 489 793 852 
412 669 670 1129 
413 228 1104 1109 
414 977 972 1155 
415 485 784 786 
416 229 670 1110 
417 850 809 1079 
418 318 320 846 
419 821 823 848 
420 970 965 1153 
421 320 499 846 
422 1112 662 1119 
423 324 326 847 
424 781 784 1057 
425 326 498 847 
426 992 959 1151 
427 662 663 1119 
428 227 1100 1102 
429 784 485 1057 
430 228 663 1104 
431 330 332 848 
432 332 497 848 
433 361 363 854 
434 336 338 849 
435 1109 655 1111 
436 779 781 1051 
437 338 495 849 
438 684 679 1123 
439 343 345 850 
440 349 351 851 
441 1051 781 1057 
442 1046 957 1149 
443 355 357 852 
444 851 802 1077 
445 655 656 1111 
446 226 1097 1099 
447 531 382 1157 
448 814 816 849 
449 227 656 1100 
450 345 494 850 
451 481 777 779 
452 481 779 1051 
453 677 672 1114 
454 1102 648 1107 
455 933 931 1118 
456 225 1088 1098 
457 989 986 1162 
458 351 492 851 
459 648 649 1107 
460 772 774 1067 
461 226 649 1097 
462 1113 591 1115 
463 1099 641 1103 
464 357 489 852 
465 852 795 1073 
466 670 665 1110 
467 807 809 850 
468 485 786 854 
469 641 642 1103 
470 477 770 772 
471 224 1080 1082 
472 663 658 1104 
473 766 503 855 
474 1136 683 1141 
475 1065 951 1144 
476 225 642 1088 
477 1098 634 1101 
478 526 1162 1168 
479 503 381 855 
480 1123 676 1132 
481 1114 669 1121 
482 777 481 853 
483 1110 662 1112 
484 770 477 1036 
485 224 635 1080 
486 768 770 1036 
487 477 772 1067 
488 371 373 853 
489 363 485 854 
490 507 632 633 
491 1104 655 1109 
492 223 628 1068 
493 656 651 1100 
494 1053 614 1074 
495 634 635 1101 
496 761 763 1076 
497 759 474 856 
498 1100 648 1102 
499 854 788 1066 
500 707 914 917 
501 474 387 856 
502 800 802 851 
503 222 621 1053 
504 1097 641 1099 
505 329 327 631 
506 635 630 1080 
507 503 768 1036 
508 503 766 768 
509 687 221 688 
510 1168 983 1172 
511 506 625 626 
512 628 623 1068 
513 1088 634 1098 
514 528 1150 1157 
515 221 127 688 
516 990 989 1166 
517 983 984 1172 
518 1082 627 1095 
519 508 639 640 
520 525 1158 1164 
521 523 681 682 
522 520 674 675 
523 525 984 1158 
524 649 644 1097 
525 381 383 855 
526 513 660 661 
527 517 667 668 
528 526 989 1162 
529 511 653 654 
530 1169 527 1171 
531 627 628 1095 
532 335 333 638 
533 509 646 647 
534 990 1166 1169 
535 372 370 680 
536 323 321 624 
537 366 364 673 
538 1061 223 1068 
539 991 693 1005 
540 360 358 666 
541 354 352 659 
542 507 631 632 
543 642 637 1088 
544 348 346 652 
545 342 339 645 
546 481 371 853 
547 1080 627 1082 
548 221 687 689 
549 327 629 631 
550 506 624 625 
551 389 391 1071 
552 914 707 918 
553 620 621 1062 
554 474 759 761 
555 914 913 917 
556 257 991 1005 
557 1164 976 1170 
558 127 128 688 
559 378 376 710 
560 1061 620 1062 
561 752 475 859 
562 793 795 852 
563 508 638 639 
564 1075 945 1139 
565 523 680 681 
566 976 977 1170 
567 520 673 674 
568 531 607 1165 
569 475 393 859 
570 632 630 635 
571 513 659 660 
572 517 666 667 
573 511 652 653 
574 387 389 856 
575 524 1155 1160 
576 333 636 638 
577 509 645 646 
578 913 916 917 
579 524 977 1155 
580 620 1061 1068 
581 370 678 680 
582 1070 713 1096 
583 692 695 705 
584 774 853 1067 
585 507 329 631 
586 364 671 673 
587 321 622 624 
588 358 664 666 
589 352 657 659 
590 327 325 629 
591 339 643 645 
592 282 692 705 
593 346 650 652 
594 724 879 882 
595 879 724 883 
596 361 854 1066 
597 257 988 991 
598 487 723 882 
599 506 323 624 
600 269 943 944 
601 1159 531 1165 
602 222 1053 1074 
603 625 623 628 
604 268 949 950 
605 508 335 638 
606 376 685 710 
607 523 372 680 
608 689 301 1030 
609 520 366 673 
610 333 331 636 
611 639 637 642 
612 723 724 882 
613 517 360 666 
614 511 348 652 
615 474 761 1076 
616 513 354 659 
617 509 342 645 
618 370 368 678 
619 681 679 684 
620 674 672 677 
621 339 337 643 
622 621 222 1062 
623 186 187 948 
624 900 734 901 
625 358 356 664 
626 364 362 671 
627 189 190 942 
628 352 350 657 
629 259 981 982 
630 660 658 663 
631 266 955 956 
632 346 344 650 
633 733 480 901 
634 653 651 656 
635 667 665 670 
636 261 974 975 
637 262 967 968 
638 376 374 685 
639 646 644 649 
640 321 319 622 
641 1160 969 1167 
642 264 961 962 
643 505 618 619 
644 734 733 901 
645 395 397 1064 
646 183 184 954 
647 969 970 1167 
648 168 169 987 
649 171 172 980 
650 505 617 618 
651 475 752 754 
652 174 175 973 
653 269 942 943 
654 522 1153 1156 
655 177 178 966 
656 528 378 710 
657 916 913 919 
658 180 181 960 
659 268 948 949 
660 393 395 859 
661 1072 885 1081 
662 522 970 1153 
663 271 937 938 
664 279 702 703 
665 684 231 1147 
666 856 389 1071 
667 187 946 948 
668 257 987 988 
669 670 229 1129 
670 505 317 617 
671 677 230 1140 
672 259 980 981 
673 190 940 942 
674 266 954 955 
675 261 973 974 
676 621 616 1053 
677 262 966 967 
678 317 315 617 
679 887 872 889 
680 264 960 961 
681 355 852 1073 
682 216 217 702 
683 184 952 954 
684 889 872 891 
685 704 282 705 
686 744 476 860 
687 663 228 1119 
688 164 282 704 
689 172 978 980 
690 169 985 987 
691 271 936 937 
692 269 189 942 
693 476 399 860 
694 192 193 936 
695 175 971 973 
696 268 186 948 
697 178 964 966 
698 325 506 629 
699 181 958 960 
700 187 188 946 
701 656 227 1111 
702 871 872 887 
703 845 1113 1115 
704 221 689 1030 
705 633 632 634 
706 483 871 887 
707 257 168 987 
708 569 303 689 
709 259 171 980 
710 266 183 954 
711 349 851 1077 
712 190 191 940 
713 981 979 984 
714 261 174 973 
715 331 507 636 
716 774 777 853 
717 649 226 1107 
718 262 177 966 
719 264 180 960 
720 184 185 952 
721 911 490 919 
722 896 893 898 
723 279 216 702 
724 967 965 970 
725 974 972 977 
726 368 520 678 
727 786 788 854 
728 337 508 643 
729 908 490 911 
730 853 373 1067 
731 169 170 985 
732 172 173 978 
733 626 625 627 
734 898 893 899 
735 175 176 971 
736 961 959 992 
737 181 182 958 
738 178 179 964 
739 356 513 664 
740 374 523 685 
741 271 192 936 
742 362 517 671 
743 344 509 650 
744 350 511 657 
745 687 569 689 
746 124 125 299 
747 640 639 641 
748 682 681 683 
749 675 674 676 
750 654 653 655 
751 668 667 669 
752 661 660 662 
753 487 447 1008 
754 1156 963 1163 
755 343 850 1079 
756 647 646 648 
757 490 908 915 
758 723 487 1008 
759 315 615 617 
760 301 299 1030 
761 319 505 622 
762 529 845 1115 
763 507 633 636 
764 859 395 1064 
765 318 846 1087 
766 463 465 919 
767 892 893 896 
768 193 934 936 
769 1137 514 1138 
770 315 313 615 
771 399 401 860 
772 482 892 896 
773 303 301 689 
774 476 744 747 
775 459 461 915 
776 963 992 1163 
777 521 1151 1154 
778 506 626 629 
779 480 733 1028 
780 324 847 1085 
781 1086 939 1125 
782 461 490 915 
783 508 640 643 
784 520 675 678 
785 487 882 1039 
786 871 483 1038 
787 618 616 621 
788 336 849 1083 
789 330 848 1084 
790 913 911 919 
791 513 661 664 
792 517 668 671 
793 511 654 657 
794 523 682 685 
795 491 706 917 
796 706 707 917 
797 401 403 1059 
798 509 647 650 
799 193 194 934 
800 188 269 946 
801 521 992 1151 
802 570 580 609 
803 516 1142 1143 
804 108 109 278 
805 944 943 945 
806 950 949 951 
807 642 225 1103 
808 504 611 612 
809 185 268 952 
810 865 874 880 
811 763 855 1076 
812 504 612 613 
813 866 863 884 
814 191 271 940 
815 982 981 983 
816 619 618 620 
817 445 487 1039 
818 170 259 985 
819 173 261 978 
820 865 873 874 
821 956 955 957 
822 483 429 1038 
823 176 262 971 
824 182 266 958 
825 975 974 976 
826 179 264 964 
827 465 916 919 
828 968 967 969 
829 554 555 709 
830 614 688 1074 
831 162 163 244 
832 962 961 963 
833 123 242 1056 
834 490 463 919 
835 278 109 608 
836 901 480 1011 
837 892 482 1014 
838 691 166 1005 
839 585 1015 1060 
840 459 915 1003 
841 593 609 610 
842 860 401 1059 
843 273 930 931 
844 273 931 932 
845 415 480 1028 
846 938 937 939 
847 54 55 1009 
848 269 944 946 
849 504 311 611 
850 447 449 1008 
851 478 737 738 
852 880 876 881 
853 283 218 696 
854 726 729 857 
855 609 580 610 
856 268 950 952 
857 210 298 708 
858 283 696 700 
859 874 876 880 
860 706 491 1013 
861 273 195 930 
862 108 278 861 
863 558 554 709 
864 266 956 958 
865 217 283 702 
866 857 729 858 
867 259 982 985 
868 449 451 1050 
869 865 862 873 
870 242 124 299 
871 313 504 615 
872 262 968 971 
873 242 572 1056 
874 261 975 978 
875 693 691 1005 
876 505 619 622 
877 164 165 282 
878 264 962 964 
879 478 736 737 
880 634 632 635 
881 570 609 709 
882 123 124 242 
883 627 625 628 
884 862 437 873 
885 613 612 614 
886 725 728 736 
887 995 996 997 
888 690 567 712 
889 904 903 905 
890 1020 598 1035 
891 1015 306 1060 
892 641 639 642 
893 311 308 611 
894 271 938 940 
895 518 1145 1148 
896 555 570 709 
897 655 653 656 
898 676 674 677 
899 662 660 663 
900 683 681 684 
901 922 923 924 
902 194 273 934 
903 201 251 923 
904 669 667 670 
905 107 108 861 
906 163 164 704 
907 648 646 649 
908 696 697 700 
909 863 865 884 
910 746 728 857 
911 482 423 1014 
912 736 728 737 
913 636 633 637 
914 480 417 1011 
915 282 691 692 
916 721 715 902 
917 728 726 857 
918 488 714 715 
919 291 101 711 
920 925 993 994 
921 280 116 1002 
922 590 1108 1122 
923 923 251 924 
924 715 714 902 
925 282 165 691 
926 612 569 687 
927 391 475 1071 
928 162 244 603 
929 902 903 904 
930 737 728 746 
931 195 196 930 
932 614 687 688 
933 407 725 736 
934 562 1020 1035 
935 629 626 630 
936 121 284 885 
937 109 110 608 
938 488 453 714 
939 110 294 608 
940 678 675 679 
941 285 54 1009 
942 299 125 1030 
943 664 661 665 
944 620 618 621 
945 657 654 658 
946 491 469 1013 
947 297 114 713 
948 671 668 672 
949 725 479 726 
950 932 931 933 
951 473 472 712 
952 643 640 644 
953 300 299 301 
954 596 1070 1096 
955 731 1010 1028 
956 210 211 298 
957 117 1001 1002 
958 738 737 739 
959 697 296 698 
960 472 515 712 
961 650 647 651 
962 886 483 887 
963 219 296 696 
964 895 482 896 
965 865 880 884 
966 697 698 699 
967 983 981 984 
968 313 311 504 
969 696 296 697 
970 281 209 708 
971 305 303 569 
972 920 921 926 
973 976 974 977 
974 409 479 725 
975 969 967 970 
976 963 961 992 
977 217 218 283 
978 995 287 996 
979 579 592 594 
980 920 289 921 
981 200 201 923 
982 614 612 687 
983 1008 449 1050 
984 121 122 284 
985 55 56 252 
986 427 483 886 
987 721 902 904 
988 928 927 929 
989 277 998 999 
990 916 491 917 
991 564 563 593 
992 421 482 895 
993 733 731 1028 
994 117 118 1001 
995 915 906 1003 
996 925 251 993 
997 611 569 612 
998 283 701 702 
999 319 317 505 
1000 702 701 703 
1001 102 295 711 
1002 570 571 580 
1003 102 103 295 
1004 397 476 1064 
1005 457 459 1003 
1006 628 223 1095 
1007 692 694 695 
1008 593 563 609 
1009 563 558 709 
1010 286 107 861 
1011 344 342 509 
1012 337 335 508 
1013 356 354 513 
1014 467 491 916 
1015 580 571 600 
1016 946 944 947 
1017 283 700 701 
1018 952 950 953 
1019 515 579 712 
1020 331 329 507 
1021 350 348 511 
1022 274 927 928 
1023 325 323 506 
1024 362 360 517 
1025 368 366 520 
1026 219 220 296 
1027 504 613 615 
1028 199 289 920 
1029 567 473 712 
1030 933 1137 1138 
1031 895 897 1011 
1032 716 715 717 
1033 218 219 696 
1034 488 715 716 
1035 985 982 986 
1036 622 619 623 
1037 312 311 313 
1038 374 372 523 
1039 277 119 998 
1040 727 479 1010 
1041 888 887 889 
1042 971 968 972 
1043 726 727 729 
1044 958 956 959 
1045 740 739 743 
1046 552 553 554 
1047 718 717 722 
1048 978 975 979 
1049 287 204 996 
1050 116 117 1002 
1051 561 558 563 
1052 886 888 1014 
1053 413 415 1028 
1054 897 896 898 
1055 964 962 965 
1056 988 986 989 
1057 579 578 592 
1058 867 866 870 
1059 874 875 876 
1060 429 431 1038 
1061 864 863 866 
1062 443 445 1039 
1063 484 862 863 
1064 873 486 874 
1065 251 202 993 
1066 906 903 1003 
1067 403 478 1059 
1068 540 542 1006 
1069 897 901 1011 
1070 209 210 708 
1071 731 727 1010 
1072 515 578 579 
1073 725 726 728 
1074 554 553 555 
1075 570 566 571 
1076 924 251 925 
1077 115 280 713 
1078 305 569 611 
1079 714 496 902 
1080 115 116 280 
1081 738 739 740 
1082 940 938 941 
1083 274 920 926 
1084 726 479 727 
1085 208 209 281 
1086 895 896 897 
1087 886 887 888 
1088 1023 868 1038 
1089 409 411 479 
1090 615 613 616 
1091 425 427 886 
1092 996 275 997 
1093 739 737 746 
1094 988 989 990 
1095 445 447 487 
1096 568 536 581 
1097 314 313 315 
1098 433 435 484 
1099 732 734 735 
1100 427 429 483 
1101 439 441 486 
1102 613 614 1053 
1103 888 892 1014 
1104 407 409 725 
1105 415 417 480 
1106 403 405 478 
1107 277 999 1000 
1108 421 423 482 
1109 419 421 895 
1110 435 437 862 
1111 405 407 736 
1112 685 682 686 
1113 451 453 488 
1114 397 399 476 
1115 437 439 873 
1116 878 1024 1039 
1117 993 287 994 
1118 748 745 751 
1119 455 496 714 
1120 310 308 311 
1121 453 455 714 
1122 921 289 922 
1123 1045 556 1054 
1124 716 717 718 
1125 493 568 1013 
1126 555 566 570 
1127 455 457 496 
1128 542 545 1006 
1129 579 594 690 
1130 755 753 758 
1131 729 727 730 
1132 467 469 491 
1133 391 393 475 
1134 566 583 1004 
1135 864 866 867 
1136 888 889 890 
1137 465 467 916 
1138 274 926 927 
1139 897 898 900 
1140 874 486 875 
1141 863 862 865 
1142 717 715 721 
1143 484 863 864 
1144 493 530 536 
1145 876 875 877 
1146 308 305 611 
1147 545 559 585 
1148 568 706 1013 
1149 484 435 862 
1150 439 486 873 
1151 574 1045 1054 
1152 568 581 597 
1153 478 405 736 
1154 875 486 1024 
1155 82 83 267 
1156 70 71 258 
1157 85 86 270 
1158 552 551 553 
1159 302 301 303 
1160 58 59 253 
1161 61 62 254 
1162 67 68 256 
1163 76 77 263 
1164 493 536 568 
1165 55 252 1009 
1166 73 74 260 
1167 692 693 694 
1168 484 864 1023 
1169 101 102 711 
1170 461 463 490 
1171 868 871 1038 
1172 64 65 255 
1173 79 80 265 
1174 88 89 272 
1175 545 585 1006 
1176 120 121 885 
1177 994 287 995 
1178 316 315 317 
1179 878 875 1024 
1180 579 690 712 
1181 197 274 928 
1182 864 868 1023 
1183 196 928 930 
1184 411 413 1010 
1185 273 932 934 
1186 882 878 1039 
1187 274 198 920 
1188 318 317 319 
1189 603 604 605 
1190 120 885 998 
1191 617 616 618 
1192 1019 1017 1026 
1193 100 101 291 
1194 205 275 996 
1195 451 488 1050 
1196 249 99 1007 
1197 557 554 558 
1198 310 311 312 
1199 550 551 552 
1200 902 496 903 
1201 907 909 910 
1202 417 419 1011 
1203 385 387 474 
1204 203 287 993 
1205 423 425 1014 
1206 530 473 567 
1207 167 168 257 
1208 182 183 266 
1209 185 186 268 
1210 170 171 259 
1211 188 189 269 
1212 191 192 271 
1213 194 195 273 
1214 197 198 274 
1215 179 180 264 
1216 645 644 646 
1217 173 174 261 
1218 176 177 262 
1219 320 319 321 
1220 431 433 1023 
1221 118 277 1001 
1222 934 932 935 
1223 113 114 297 
1224 199 200 289 
1225 205 206 275 
1226 816 817 819 
1227 441 443 1024 
1228 471 473 493 
1229 652 651 653 
1230 322 321 323 
1231 666 665 667 
1232 493 473 530 
1233 114 115 713 
1234 324 323 325 
1235 203 204 287 
1236 680 679 681 
1237 289 200 923 
1238 201 202 251 
1239 536 537 894 
1240 100 291 1007 
1241 756 755 757 
1242 826 827 828 
1243 781 782 784 
1244 367 366 368 
1245 788 789 791 
1246 119 120 998 
1247 807 808 809 
1248 369 368 370 
1249 830 831 833 
1250 987 986 988 
1251 371 370 372 
1252 581 536 894 
1253 332 331 333 
1254 762 760 765 
1255 471 470 472 
1256 345 344 346 
1257 784 785 786 
1258 471 472 473 
1259 819 820 821 
1260 349 348 350 
1261 359 358 360 
1262 338 337 339 
1263 779 780 781 
1264 343 342 344 
1265 365 364 366 
1266 363 362 364 
1267 659 658 660 
1268 328 327 329 
1269 347 346 348 
1270 357 356 358 
1271 603 244 604 
1272 330 329 331 
1273 809 810 812 
1274 638 637 639 
1275 536 530 537 
1276 355 354 356 
1277 973 972 974 
1278 812 813 814 
1279 954 953 955 
1280 196 197 928 
1281 165 166 691 
1282 600 601 602 
1283 340 339 342 
1284 326 325 327 
1285 555 565 566 
1286 960 959 961 
1287 336 335 337 
1288 166 167 1005 
1289 334 333 335 
1290 585 559 586 
1291 719 718 720 
1292 948 947 949 
1293 312 313 314 
1294 351 350 352 
1295 930 929 931 
1296 353 352 354 
1297 467 468 469 
1298 772 773 774 
1299 791 792 793 
1300 802 803 805 
1301 361 360 362 
1302 774 775 777 
1303 793 794 795 
1304 821 822 823 
1305 980 979 981 
1306 966 965 967 
1307 892 890 893 
1308 800 801 802 
1309 798 799 800 
1310 465 466 467 
1311 823 824 826 
1312 198 199 920 
1313 942 941 943 
1314 673 672 674 
1315 786 787 788 
1316 805 806 807 
1317 167 257 1005 
1318 730 731 732 
1319 204 205 996 
1320 877 878 879 
1321 624 623 625 
1322 868 867 869 
1323 469 471 1013 
1324 98 249 1016 
1325 202 203 993 
1326 409 410 411 
1327 749 748 750 
1328 747 745 748 
1329 741 740 742 
1330 723 720 724 
1331 835 836 837 
1332 431 432 433 
1333 519 1146 1152 
1334 415 416 417 
1335 912 913 914 
1336 732 733 734 
1337 413 414 415 
1338 439 440 441 
1339 463 464 465 
1340 427 428 429 
1341 871 869 872 
1342 443 444 445 
1343 419 420 421 
1344 290 1021 1022 
1345 479 411 1010 
1346 754 753 755 
1347 411 412 413 
1348 429 430 431 
1349 433 434 435 
1350 441 442 443 
1351 936 935 937 
1352 447 448 449 
1353 423 424 425 
1354 435 436 437 
1355 437 438 439 
1356 445 446 447 
1357 421 422 423 
1358 15 16 288 
1359 744 742 745 
1360 752 750 753 
1361 795 796 798 
1362 417 418 419 
1363 425 426 427 
1364 616 613 1053 
1365 99 100 1007 
1366 768 769 770 
1367 777 778 779 
1368 403 404 405 
1369 405 406 407 
1370 814 815 816 
1371 419 895 1011 
1372 407 408 409 
1373 631 630 632 
1374 449 450 451 
1375 552 554 557 
1376 110 111 294 
1377 562 1018 1020 
1378 770 771 772 
1379 401 402 403 
1380 122 123 1056 
1381 561 563 564 
1382 397 398 399 
1383 840 841 842 
1384 399 400 401 
1385 304 303 305 
1386 461 462 463 
1387 833 834 835 
1388 828 829 830 
1389 1017 547 1026 
1390 905 903 906 
1391 300 301 302 
1392 425 886 1014 
1393 706 597 707 
1394 395 396 397 
1395 451 452 453 
1396 629 630 631 
1397 469 470 471 
1398 314 315 316 
1399 636 637 638 
1400 373 372 374 
1401 91 92 276 
1402 905 906 907 
1403 453 454 455 
1404 496 457 1003 
1405 1010 413 1028 
1406 393 394 395 
1407 671 672 673 
1408 756 757 759 
1409 97 98 1016 
1410 459 460 461 
1411 988 990 991 
1412 118 119 277 
1413 455 456 457 
1414 909 911 912 
1415 678 679 680 
1416 763 766 855 
1417 551 549 562 
1418 837 838 840 
1419 457 458 459 
1420 391 392 393 
1421 276 92 1012 
1422 928 929 930 
1423 657 658 659 
1424 277 1000 1001 
1425 650 651 652 
1426 471 493 1013 
1427 433 484 1023 
1428 564 593 595 
1429 93 94 290 
1430 486 441 1024 
1431 555 553 565 
1432 242 299 300 
1433 952 953 954 
1434 316 317 318 
1435 550 549 551 
1436 664 665 666 
1437 643 644 645 
1438 560 558 561 
1439 472 510 515 
1440 946 947 948 
1441 622 623 624 
1442 754 755 756 
1443 964 965 966 
1444 540 1006 1037 
1445 290 94 1021 
1446 985 986 987 
1447 738 740 741 
1448 971 972 973 
1449 907 908 909 
1450 958 959 960 
1451 568 597 706 
1452 978 979 980 
1453 307 305 308 
1454 515 576 578 
1455 940 941 942 
1456 566 565 583 
1457 842 843 845 
1458 98 99 249 
1459 469 468 470 
1460 467 466 468 
1461 571 566 1004 
1462 716 718 719 
1463 752 753 754 
1464 600 571 601 
1465 615 616 617 
1466 692 691 693 
1467 389 390 391 
1468 864 867 868 
1469 161 162 603 
1470 730 727 731 
1471 95 96 250 
1472 318 319 320 
1473 93 290 1012 
1474 551 562 1035 
1475 877 875 878 
1476 897 900 901 
1477 922 289 923 
1478 97 1016 1025 
1479 747 748 749 
1480 465 464 466 
1481 92 93 1012 
1482 888 890 892 
1483 548 549 550 
1484 383 384 385 
1485 380 378 528 
1486 548 547 549 
1487 542 544 545 
1488 749 750 752 
1489 1018 1017 1019 
1490 16 17 1027 
1491 557 558 560 
1492 381 382 383 
1493 741 742 744 
1494 934 935 936 
1495 912 911 913 
1496 816 815 817 
1497 324 325 326 
1498 565 553 1035 
1499 586 587 588 
1500 826 824 827 
1501 585 586 1015 
1502 759 757 760 
1503 719 720 723 
1504 744 745 747 
1505 463 462 464 
1506 288 16 1027 
1507 309 310 1032 
1508 371 372 373 
1509 419 418 420 
1510 421 420 422 
1511 609 563 709 
1512 766 767 768 
1513 417 416 418 
1514 431 430 432 
1515 423 422 424 
1516 879 878 882 
1517 415 414 416 
1518 548 550 556 
1519 94 95 1021 
1520 433 432 434 
1521 807 806 808 
1522 868 869 871 
1523 435 434 436 
1524 437 436 438 
1525 439 438 440 
1526 425 424 426 
1527 441 440 442 
1528 443 442 444 
1529 732 731 733 
1530 538 501 573 
1531 427 426 428 
1532 429 428 430 
1533 409 408 410 
1534 413 412 414 
1535 445 444 446 
1536 447 446 448 
1537 449 448 450 
1538 407 406 408 
1539 582 573 591 
1540 545 546 559 
1541 405 404 406 
1542 322 323 324 
1543 791 789 792 
1544 367 368 369 
1545 387 388 389 
1546 431 1023 1038 
1547 320 321 322 
1548 403 402 404 
1549 411 410 412 
1550 338 339 340 
1551 763 764 766 
1552 401 400 402 
1553 461 460 462 
1554 369 370 371 
1555 95 250 1021 
1556 451 450 452 
1557 788 787 789 
1558 349 350 351 
1559 502 540 1037 
1560 812 810 813 
1561 340 342 343 
1562 345 346 347 
1563 384 382 531 
1564 798 796 799 
1565 800 799 801 
1566 361 362 363 
1567 399 398 400 
1568 330 331 332 
1569 343 344 345 
1570 353 354 355 
1571 823 822 824 
1572 379 380 381 
1573 341 502 1037 
1574 351 352 353 
1575 359 360 361 
1576 96 97 1025 
1577 334 335 336 
1578 562 1017 1018 
1579 332 333 334 
1580 502 539 540 
1581 453 452 454 
1582 805 803 806 
1583 326 327 328 
1584 1024 443 1039 
1585 840 838 841 
1586 357 358 359 
1587 397 396 398 
1588 830 829 831 
1589 347 348 349 
1590 459 458 460 
1591 385 386 387 
1592 809 808 810 
1593 457 456 458 
1594 455 454 456 
1595 903 496 1003 
1596 328 329 330 
1597 770 769 771 
1598 365 366 367 
1599 802 801 803 
1600 355 356 357 
1601 814 813 815 
1602 375 374 376 
1603 336 337 338 
1604 309 308 310 
1605 395 394 396 
1606 761 762 763 
1607 795 794 796 
1608 779 778 780 
1609 909 908 911 
1610 586 559 587 
1611 837 836 838 
1612 793 792 794 
1613 363 364 365 
1614 9 10 233 
1615 784 782 785 
1616 12 13 237 
1617 835 834 836 
1618 781 780 782 
1619 828 827 829 
1620 501 309 1032 
1621 786 785 787 
1622 548 556 1034 
1623 598 565 1035 
1624 821 820 822 
1625 472 470 510 
1626 373 374 375 
1627 17 18 234 
1628 772 771 773 
1629 304 305 307 
1630 393 392 394 
1631 759 760 761 
1632 907 906 908 
1633 774 773 775 
1634 377 378 379 
1635 553 551 1035 
1636 842 841 843 
1637 763 762 764 
1638 381 380 382 
1639 302 303 304 
1640 546 547 548 
1641 383 382 384 
1642 540 539 541 
1643 379 378 380 
1644 47 48 247 
1645 777 775 778 
1646 20 21 235 
1647 23 24 236 
1648 29 30 239 
1649 26 27 238 
1650 50 51 248 
1651 41 42 245 
1652 38 39 243 
1653 833 831 834 
1654 32 33 240 
1655 44 45 246 
1656 250 96 1025 
1657 35 36 241 
1658 819 817 820 
1659 7 8 292 
1660 588 587 589 
1661 768 767 769 
1662 310 312 529 
1663 587 1034 1044 
1664 391 390 392 
1665 756 759 856 
1666 377 376 378 
1667 545 544 546 
1668 546 544 547 
1669 538 573 582 
1670 8 9 1029 
1671 540 541 542 
1672 604 606 607 
1673 1006 585 1060 
1674 761 760 762 
1675 582 591 599 
1676 546 548 1034 
1677 559 546 1034 
1678 379 381 503 
1679 549 547 1017 
1680 215 216 279 
1681 547 544 1026 
1682 307 308 309 
1683 138 139 225 
1684 562 549 1017 
1685 126 127 221 
1686 132 133 223 
1687 141 142 226 
1688 17 234 1027 
1689 766 764 767 
1690 560 561 575 
1691 389 388 390 
1692 375 376 377 
1693 583 565 598 
1694 129 130 222 
1695 135 136 224 
1696 144 145 227 
1697 159 160 232 
1698 147 148 228 
1699 150 151 229 
1700 153 154 230 
1701 156 157 231 
1702 466 464 535 
1703 385 384 386 
1704 1034 556 1044 
1705 573 501 1032 
1706 538 582 1031 
1707 502 538 539 
1708 541 539 584 
1709 587 559 1034 
1710 502 501 538 
1711 542 541 543 
1712 542 543 544 
1713 462 460 534 
1714 341 501 502 
1715 749 752 859 
1716 310 529 1032 
1717 375 377 477 
1718 214 215 1042 
1719 741 744 860 
1720 387 386 388 
1721 544 543 1026 
1722 307 309 341 
1723 478 738 1059 
1724 377 379 1036 
1725 458 456 533 
1726 719 723 1008 
1727 420 418 521 
1728 426 424 519 
1729 341 309 501 
1730 589 587 1044 
1731 432 430 518 
1732 557 560 574 
1733 488 716 1050 
1734 408 406 524 
1735 438 436 516 
1736 302 304 306 
1737 454 452 532 
1738 450 448 512 
1739 341 1037 1052 
1740 908 906 915 
1741 444 442 514 
1742 468 466 1040 
1743 414 412 522 
1744 402 400 525 
1745 855 383 1076 
1746 314 316 500 
1747 589 1072 1081 
1748 843 841 844 
1749 515 510 576 
1750 396 394 526 
1751 601 571 1004 
1752 557 574 1054 
1753 9 233 1029 
1754 556 550 1054 
1755 552 557 1054 
1756 815 813 818 
1757 464 462 1041 
1758 312 314 1043 
1759 564 595 596 
1760 539 538 1031 
1761 390 388 527 
1762 292 8 1029 
1763 829 827 832 
1764 1044 556 1045 
1765 477 377 1036 
1766 576 577 590 
1767 338 340 495 
1768 53 54 285 
1769 320 322 499 
1770 332 334 497 
1771 801 799 804 
1772 808 806 811 
1773 794 792 797 
1774 242 300 572 
1775 576 510 577 
1776 284 122 1056 
1777 351 353 492 
1778 564 596 1058 
1779 369 371 481 
1780 787 785 790 
1781 561 564 1058 
1782 470 468 1055 
1783 836 834 839 
1784 345 347 494 
1785 685 686 710 
1786 357 359 489 
1787 326 328 498 
1788 822 820 825 
1789 314 500 1043 
1790 379 503 1036 
1791 424 422 1046 
1792 738 741 1059 
1793 780 778 783 
1794 460 458 1047 
1795 716 719 1050 
1796 466 535 1040 
1797 106 107 286 
1798 363 365 485 
1799 550 552 1054 
1800 452 450 1048 
1801 213 214 293 
1802 307 341 1052 
1803 456 454 1049 
1804 773 771 776 
1805 535 464 1041 
1806 462 534 1041 
1807 160 161 1033 
1808 367 369 1051 
1809 584 539 1031 
1810 534 460 1047 
1811 468 1040 1055 
1812 635 224 1101 
1813 458 533 1047 
1814 510 470 1055 
1815 519 424 1046 
1816 533 456 1049 
1817 450 512 1048 
1818 719 1008 1050 
1819 454 532 1049 
1820 532 452 1048 
1821 304 307 1052 
1822 529 312 1043 
1823 369 481 1051 
1824 215 279 1042 
1825 284 1078 1081 
1826 577 510 1055 
1827 161 603 1033 
1828 604 244 606 
1829 575 561 1058 
1830 741 860 1059 
1831 306 304 1052 
1832 125 126 1030 
1833 232 160 1033 
1834 603 605 1033 
1835 1052 1037 1060 
1836 365 367 1057 
1837 293 214 1042 
1838 388 386 1161 
1839 367 1051 1057 
1840 606 704 705 
1841 244 163 704 
1842 306 1052 1060 
1843 485 365 1057 
1844 1089 574 1091 
1845 132 223 1061 
1846 126 221 1030 
1847 606 244 704 
1848 131 132 1061 
1849 476 747 1064 
1850 222 130 1062 
1851 1037 1006 1060 
1852 302 306 1063 
1853 688 128 1074 
1854 306 1015 1063 
1855 590 577 1106 
1856 572 1063 1069 
1857 747 749 1064 
1858 130 131 1062 
1859 131 1061 1062 
1860 359 361 1066 
1861 475 754 1071 
1862 572 300 1063 
1863 373 375 1067 
1864 518 430 1065 
1865 586 588 1069 
1866 1093 933 1118 
1867 754 756 1071 
1868 998 885 1072 
1869 300 302 1063 
1870 619 620 1068 
1871 1063 1015 1069 
1872 955 953 1149 
1873 284 1056 1078 
1874 383 385 1076 
1875 1000 1089 1091 
1876 430 428 1065 
1877 623 619 1068 
1878 749 859 1064 
1879 128 129 1074 
1880 353 355 1073 
1881 489 359 1066 
1882 375 477 1067 
1883 516 436 1075 
1884 297 713 1070 
1885 347 349 1077 
1886 1015 586 1069 
1887 713 280 1096 
1888 340 343 1079 
1889 135 224 1082 
1890 280 1002 1094 
1891 334 336 1083 
1892 328 330 1084 
1893 885 284 1081 
1894 316 318 1087 
1895 1118 929 1135 
1896 756 856 1071 
1897 514 442 1086 
1898 1002 1001 1092 
1899 322 324 1085 
1900 589 1044 1090 
1901 1078 588 1081 
1902 999 998 1072 
1903 574 560 1091 
1904 1002 1092 1094 
1905 1089 999 1090 
1906 280 1094 1096 
1907 512 448 1093 
1908 385 474 1076 
1909 492 353 1073 
1910 1142 939 1143 
1911 436 434 1075 
1912 223 133 1095 
1913 129 222 1074 
1914 1000 999 1089 
1915 949 947 1144 
1916 626 627 1080 
1917 138 225 1098 
1918 1056 572 1078 
1919 494 347 1077 
1920 1069 588 1078 
1921 630 626 1080 
1922 1162 983 1168 
1923 495 340 1079 
1924 141 226 1099 
1925 134 135 1082 
1926 1072 589 1090 
1927 588 589 1081 
1928 572 1069 1078 
1929 497 334 1083 
1930 637 633 1088 
1931 498 328 1084 
1932 633 634 1088 
1933 442 440 1086 
1934 224 136 1101 
1935 999 1072 1090 
1936 499 322 1085 
1937 500 316 1087 
1938 1045 1089 1090 
1939 144 227 1102 
1940 943 941 1139 
1941 644 640 1097 
1942 225 139 1103 
1943 1045 574 1089 
1944 1044 1045 1090 
1945 134 1082 1095 
1946 560 575 1091 
1947 1158 976 1164 
1948 997 275 1106 
1949 206 207 1108 
1950 989 526 1166 
1951 226 142 1107 
1952 693 991 1171 
1953 1001 1000 1092 
1954 448 446 1093 
1955 147 228 1109 
1956 937 935 1125 
1957 651 647 1100 
1958 1092 575 1094 
1959 577 1055 1105 
1960 590 1106 1108 
1961 133 134 1095 
1962 931 929 1118 
1963 575 1058 1094 
1964 990 1169 1171 
1965 929 927 1135 
1966 640 641 1097 
1967 1058 596 1096 
1968 1094 1058 1096 
1969 137 138 1098 
1970 227 145 1111 
1971 705 695 1165 
1972 927 926 1134 
1973 658 654 1104 
1974 150 229 1112 
1975 1155 969 1160 
1976 591 573 1115 
1977 926 921 1133 
1978 1032 529 1115 
1979 1145 945 1148 
1980 927 1134 1135 
1981 207 208 1122 
1982 926 1133 1134 
1983 228 148 1119 
1984 665 661 1110 
1985 153 230 1121 
1986 921 922 1131 
1987 140 141 1099 
1988 922 924 1130 
1989 576 590 1120 
1990 984 525 1172 
1991 137 1098 1101 
1992 647 648 1100 
1993 1153 963 1156 
1994 921 1131 1133 
1995 1091 575 1092 
1996 229 151 1129 
1997 1000 1091 1092 
1998 922 1130 1131 
1999 156 231 1132 
2000 672 668 1114 
2001 924 925 1128 
2002 136 137 1101 
2003 140 1099 1103 
2004 925 994 1127 
2005 977 524 1170 
2006 444 514 1137 
2007 1151 957 1154 
2008 143 144 1102 
2009 230 154 1140 
2010 924 1128 1130 
2011 679 675 1123 
2012 925 1127 1128 
2013 159 232 1141 
2014 139 140 1103 
2015 994 995 1126 
2016 995 997 1124 
2017 654 655 1104 
2018 438 516 1143 
2019 994 1126 1127 
2020 143 1102 1107 
2021 932 933 1138 
2022 231 157 1147 
2023 695 694 1161 
2024 970 522 1167 
2025 1150 528 1174 
2026 995 1124 1126 
2027 1146 951 1152 
2028 432 518 1148 
2029 1055 1040 1105 
2030 686 682 1136 
2031 1105 997 1106 
2032 142 143 1107 
2033 426 519 1152 
2034 604 607 1150 
2035 957 1046 1154 
2036 275 206 1108 
2037 420 521 1154 
2038 1046 422 1154 
2039 146 147 1109 
2040 577 1105 1106 
2041 953 950 1146 
2042 382 380 1157 
2043 414 522 1156 
2044 959 956 1151 
2045 1065 428 1152 
2046 386 384 1159 
2047 965 962 1153 
2048 408 524 1160 
2049 992 521 1163 
2050 661 662 1110 
2051 281 708 1117 
2052 951 1065 1152 
2053 521 418 1163 
2054 972 968 1155 
2055 1120 590 1122 
2056 1093 446 1137 
2057 402 525 1164 
2058 607 606 1165 
2059 1075 434 1148 
2060 146 1109 1111 
2061 522 412 1167 
2062 1086 440 1143 
2063 526 394 1166 
2064 933 1093 1137 
2065 281 1117 1120 
2066 979 975 1158 
2067 396 526 1168 
2068 945 1075 1148 
2069 939 1086 1143 
2070 390 527 1169 
2071 524 406 1170 
2072 986 982 1162 
2073 145 146 1111 
2074 525 400 1172 
2075 149 150 1112 
2076 512 1118 1135 
2077 947 944 1145 
2078 1105 1040 1124 
2079 668 669 1114 
2080 938 939 1142 
2081 997 1105 1124 
2082 708 298 1116 
2083 845 843 1113 
2084 149 1112 1119 
2085 573 1032 1115 
2086 592 578 1117 
2087 148 149 1119 
2088 1117 578 1120 
2089 512 1093 1118 
2090 578 576 1120 
2091 152 153 1121 
2092 208 281 1122 
2093 941 938 1142 
2094 232 1033 1173 
2095 675 676 1123 
2096 152 1121 1129 
2097 1040 535 1124 
2098 1106 275 1108 
2099 1124 535 1126 
2100 1116 592 1117 
2101 535 1041 1126 
2102 514 1086 1125 
2103 151 152 1129 
2104 1041 534 1127 
2105 1127 534 1128 
2106 534 1047 1128 
2107 1126 1041 1127 
2108 935 932 1138 
2109 155 156 1132 
2110 1047 533 1130 
2111 708 1116 1117 
2112 1130 533 1131 
2113 1128 1047 1130 
2114 533 1049 1131 
2115 1049 532 1133 
2116 1133 532 1134 
2117 532 1048 1134 
2118 944 945 1145 
2119 682 683 1136 
2120 1131 1049 1133 
2121 1048 512 1135 
2122 1134 1048 1135 
2123 155 1132 1140 
2124 446 444 1137 
2125 516 1075 1139 
2126 154 155 1140 
2127 158 159 1141 
2128 281 1120 1122 
2129 440 438 1143 
2130 158 1141 1147 
2131 518 1065 1144 
2132 950 951 1146 
2133 157 158 1147 
2134 434 432 1148 
2135 956 957 1151 
2136 519 1046 1149 
2137 605 604 1150 
2138 686 1136 1173 
2139 962 963 1153 
2140 428 426 1152 
2141 422 420 1154 
2142 710 686 1174 
2143 953 1146 1149 
2144 1159 695 1161 
2145 968 969 1155 
2146 416 414 1156 
2147 380 528 1157 
2148 975 976 1158 
2149 384 531 1159 
2150 410 408 1160 
2151 416 1156 1163 
2152 982 983 1162 
2153 386 1159 1161 
2154 418 416 1163 
2155 1144 947 1145 
2156 404 402 1164 
2157 410 1160 1167 
2158 1136 232 1173 
2159 394 392 1166 
2160 606 705 1165 
2161 686 1173 1174 
2162 412 410 1167 
2163 398 396 1168 
2164 404 1164 1170 
2165 1166 392 1169 
2166 392 390 1169 
2167 406 404 1170 
2168 1139 941 1142 
2169 398 1168 1172 
2170 1125 935 1138 
2171 991 990 1171 
2172 400 398 1172 
2173 514 1125 1138 
2174 516 1139 1142 
2175 1033 605 1173 
2176 518 1144 1145 
2177 1146 519 1149 
2178 1173 605 1174 
2179 605 1150 1174 
2180 1178 600 1314 
2181 278 608 1236 
2182 111 112 1175 
2183 212 213 1176 
2184 286 1178 1314 
2185 580 600 1178 
2186 530 567 1179 
2187 294 111 1175 
2188 213 293 1176 
2189 700 697 1180 
2190 106 286 1181 
2191 104 105 1177 
2192 739 746 1184 
2193 745 742 1183 
2194 753 750 1182 
2195 729 730 1186 
2196 760 757 1185 
2197 36 37 1187 
2198 866 884 1192 
2199 33 34 1189 
2200 771 769 1188 
2201 30 31 1191 
2202 778 775 1190 
2203 24 25 1193 
2204 785 782 1194 
2205 21 22 1195 
2206 717 721 1197 
2207 792 789 1196 
2208 13 14 1198 
2209 799 796 1199 
2210 707 597 1201 
2211 806 803 1200 
2212 11 12 1203 
2213 813 810 1202 
2214 905 907 1206 
2215 820 817 1204 
2216 19 20 1207 
2217 827 824 1205 
2218 543 541 1208 
2219 1031 582 1209 
2220 22 23 1211 
2221 834 831 1210 
2222 841 838 1212 
2223 25 26 1214 
2224 1021 250 1215 
2225 28 29 1216 
2226 31 32 1217 
2227 34 35 1218 
2228 37 38 1219 
2229 40 41 1220 
2230 43 44 1221 
2231 46 47 1222 
2232 49 50 1223 
2233 81 82 1226 
2234 84 85 1225 
2235 87 88 1227 
2236 52 53 1224 
2237 78 79 1228 
2238 75 76 1229 
2239 72 73 1230 
2240 66 67 1233 
2241 69 70 1231 
2242 63 64 1232 
2243 60 61 1234 
2244 57 58 1235 
2245 591 1113 1213 
2246 593 610 1236 
2247 7 292 1241 
2248 914 918 1265 
2249 879 883 1262 
2250 889 891 1258 
2251 898 899 1256 
2252 857 858 1252 
2253 883 724 1272 
2254 732 735 1253 
2255 740 743 1254 
2256 748 751 1255 
2257 755 758 1257 
2258 880 881 1261 
2259 867 870 1260 
2260 762 765 1259 
2261 718 722 1263 
2262 15 288 1264 
2263 891 872 1277 
2264 233 10 1267 
2265 773 776 1266 
2266 735 734 1282 
2267 910 909 1271 
2268 881 876 1274 
2269 899 893 1281 
2270 780 783 1268 
2271 234 18 1269 
2272 787 790 1270 
2273 794 797 1273 
2274 238 27 1275 
2275 272 89 1280 
2276 1019 1026 1278 
2277 801 804 1276 
2278 290 1022 1285 
2279 91 276 1284 
2280 808 811 1279 
2281 815 818 1283 
2282 243 39 1287 
2283 822 825 1286 
2284 245 42 1288 
2285 246 45 1290 
2286 829 832 1289 
2287 247 48 1291 
2288 836 839 1292 
2289 248 51 1293 
2290 252 56 1295 
2291 253 59 1296 
2292 254 62 1297 
2293 255 65 1298 
2294 256 68 1299 
2295 258 71 1300 
2296 260 74 1301 
2297 263 77 1302 
2298 265 80 1303 
2299 267 83 1304 
2300 843 844 1294 
2301 270 86 1305 
2302 1070 596 1306 
2303 592 1116 1307 
2304 1042 279 1308 
2305 894 537 1180 
2306 602 1177 1181 
2307 211 4 1309 
2308 4 212 1309 
2309 220 1 1310 
2310 1 5 1310 
2311 698 296 1310 
2312 112 3 1311 
2313 3 113 1311 
2314 2 104 1312 
2315 103 2 1312 
2316 1177 105 1181 
2317 610 580 1178 
2318 286 861 1178 
2319 537 530 1179 
2320 698 6 1241 
2321 703 690 1308 
2322 1187 735 1282 
2323 918 1203 1265 
2324 1195 883 1272 
2325 1191 891 1277 
2326 1189 899 1281 
2327 1184 245 1288 
2328 1186 243 1287 
2329 1183 246 1290 
2330 1193 881 1274 
2331 1182 247 1291 
2332 1185 248 1293 
2333 1192 238 1275 
2334 1188 252 1295 
2335 1197 234 1269 
2336 1198 910 1271 
2337 1190 253 1296 
2338 1201 233 1267 
2339 883 1211 1262 
2340 1194 254 1297 
2341 722 1207 1263 
2342 288 1206 1264 
2343 1196 255 1298 
2344 881 1214 1261 
2345 1199 256 1299 
2346 891 1217 1258 
2347 870 1216 1260 
2348 1200 258 1300 
2349 899 1218 1256 
2350 1022 1208 1285 
2351 276 1209 1284 
2352 1202 260 1301 
2353 1213 272 1280 
2354 1204 263 1302 
2355 858 1220 1252 
2356 735 1219 1253 
2357 1215 1019 1278 
2358 1205 265 1303 
2359 743 1221 1254 
2360 1210 267 1304 
2361 751 1222 1255 
2362 758 1223 1257 
2363 1212 270 1305 
2364 765 1224 1259 
2365 776 1235 1266 
2366 783 1234 1268 
2367 790 1232 1270 
2368 797 1233 1273 
2369 804 1231 1276 
2370 818 1229 1283 
2371 811 1230 1279 
2372 825 1228 1286 
2373 832 1226 1289 
2374 839 1225 1292 
2375 844 1227 1294 
2376 697 699 1180 
2377 105 106 1181 
2378 758 753 1182 
2379 751 745 1183 
2380 743 739 1184 
2381 765 760 1185 
2382 858 729 1186 
2383 241 36 1187 
2384 776 771 1188 
2385 240 33 1189 
2386 783 778 1190 
2387 239 30 1191 
2388 870 866 1192 
2389 236 24 1193 
2390 790 785 1194 
2391 235 21 1195 
2392 797 792 1196 
2393 722 717 1197 
2394 237 13 1198 
2395 804 799 1199 
2396 918 707 1201 
2397 811 806 1200 
2398 818 813 1202 
2399 12 237 1203 
2400 825 820 1204 
2401 907 910 1206 
2402 832 827 1205 
2403 20 235 1207 
2404 541 584 1208 
2405 582 599 1209 
2406 839 834 1210 
2407 23 236 1211 
2408 844 841 1212 
2409 599 591 1213 
2410 26 238 1214 
2411 1022 1021 1215 
2412 29 239 1216 
2413 32 240 1217 
2414 35 241 1218 
2415 38 243 1219 
2416 41 245 1220 
2417 44 246 1221 
2418 47 247 1222 
2419 50 248 1223 
2420 85 270 1225 
2421 88 272 1227 
2422 82 267 1226 
2423 79 265 1228 
2424 53 285 1224 
2425 76 263 1229 
2426 73 260 1230 
2427 64 255 1232 
2428 70 258 1231 
2429 67 256 1233 
2430 61 254 1234 
2431 58 253 1235 
2432 690 594 1308 
2433 595 593 1236 
2434 1256 241 1282 
2435 1263 235 1272 
2436 1262 236 1274 
2437 1265 237 1271 
2438 1260 239 1277 
2439 1258 240 1281 
2440 599 1280 1284 
2441 584 1247 1285 
2442 285 1250 1259 
2443 767 1250 1251 
2444 1250 1009 1251 
2445 767 764 1250 
2446 1009 252 1251 
2447 721 904 1240 
2448 904 905 1239 
2449 904 1239 1240 
2450 597 581 1238 
2451 581 894 1237 
2452 581 1237 1238 
2453 292 1029 1237 
2454 1029 233 1238 
2455 1237 1029 1238 
2456 1248 1018 1249 
2457 1025 1248 1249 
2458 288 1027 1239 
2459 1027 234 1240 
2460 1239 1027 1240 
2461 711 295 1242 
2462 291 711 1243 
2463 6 7 1241 
2464 711 1242 1243 
2465 291 1243 1244 
2466 1007 291 1244 
2467 1007 1244 1245 
2468 249 1007 1245 
2469 1016 249 1246 
2470 1020 1018 1248 
2471 250 1025 1249 
2472 276 1012 1247 
2473 249 1245 1246 
2474 699 698 1241 
2475 602 601 1242 
2476 1004 583 1244 
2477 1243 1004 1244 
2478 598 1020 1246 
2479 601 1004 1243 
2480 1244 583 1245 
2481 1242 601 1243 
2482 583 598 1245 
2483 1245 598 1246 
2484 1025 1016 1248 
2485 1018 1019 1249 
2486 584 1031 1247 
2487 1246 1020 1248 
2488 1016 1246 1248 
2489 285 1009 1250 
2490 769 767 1251 
2491 1247 1012 1285 
2492 1250 764 1259 
2493 746 857 1252 
2494 730 732 1253 
2495 742 740 1254 
2496 750 748 1255 
2497 900 898 1256 
2498 757 755 1257 
2499 890 889 1258 
2500 869 867 1260 
2501 764 762 1259 
2502 884 880 1261 
2503 877 879 1262 
2504 720 718 1263 
2505 14 15 1264 
2506 912 914 1265 
2507 775 773 1266 
2508 10 11 1267 
2509 900 1256 1282 
2510 720 1263 1272 
2511 877 1262 1274 
2512 912 1265 1271 
2513 782 780 1268 
2514 869 1260 1277 
2515 890 1258 1281 
2516 18 19 1269 
2517 909 912 1271 
2518 789 787 1270 
2519 724 720 1272 
2520 796 794 1273 
2521 876 877 1274 
2522 734 900 1282 
2523 27 28 1275 
2524 803 801 1276 
2525 872 869 1277 
2526 1026 543 1278 
2527 810 808 1279 
2528 89 90 1280 
2529 893 890 1281 
2530 1280 90 1284 
2531 90 91 1284 
2532 817 815 1283 
2533 1012 290 1285 
2534 39 40 1287 
2535 824 822 1286 
2536 42 43 1288 
2537 831 829 1289 
2538 45 46 1290 
2539 48 49 1291 
2540 838 836 1292 
2541 51 52 1293 
2542 56 57 1295 
2543 59 60 1296 
2544 62 63 1297 
2545 65 66 1298 
2546 68 69 1299 
2547 71 72 1300 
2548 74 75 1301 
2549 77 78 1302 
2550 80 81 1303 
2551 83 84 1304 
2552 86 87 1305 
2553 1113 843 1294 
2554 596 595 1306 
2555 594 592 1307 
2556 279 703 1308 
2557 1175 112 1311 
2558 212 1176 1309 
2559 295 103 1312 
2560 298 211 1309 
2561 296 220 1310 
2562 113 297 1311 
2563 1181 286 1314 
2564 703 701 1313 
2565 1179 567 1313 
2566 600 602 1314 
2567 297 1175 1311 
2568 1176 298 1309 
2569 1177 295 1312 
2570 104 1177 1312 
2571 743 1184 1288 
2572 751 1183 1290 
2573 758 1182 1291 
2574 858 1186 1287 
2575 241 1187 1282 
2576 765 1185 1293 
2577 240 1189 1281 
2578 776 1188 1295 
2579 239 1191 1277 
2580 870 1192 1275 
2581 236 1193 1274 
2582 783 1190 1296 
2583 235 1195 1272 
2584 722 1197 1269 
2585 790 1194 1297 
2586 237 1198 1271 
2587 797 1196 1298 
2588 918 1201 1267 
2589 804 1199 1299 
2590 811 1200 1300 
2591 1203 237 1265 
2592 1206 910 1264 
2593 818 1202 1301 
2594 1207 235 1263 
2595 825 1204 1302 
2596 1211 236 1262 
2597 1208 584 1285 
2598 1209 599 1284 
2599 832 1205 1303 
2600 1214 238 1261 
2601 599 1213 1280 
2602 1216 239 1260 
2603 839 1210 1304 
2604 1022 1215 1278 
2605 1217 240 1258 
2606 844 1212 1305 
2607 1218 241 1256 
2608 1219 243 1253 
2609 1220 245 1252 
2610 1221 246 1254 
2611 1222 247 1255 
2612 1223 248 1257 
2613 1224 285 1259 
2614 1235 253 1266 
2615 1234 254 1268 
2616 1232 255 1270 
2617 1233 256 1273 
2618 1231 258 1276 
2619 1230 260 1279 
2620 1229 263 1283 
2621 1228 265 1286 
2622 1226 267 1289 
2623 1225 270 1292 
2624 1227 272 1294 
2625 701 1179 1313 
2626 602 1181 1314 
$EndElements
